sales_key,order_id,order_item_id,date_key,customer_key,product_key,branch_key,payment_method_key,currency_key,quantity,unit_sale_price,unit_purchase_price,gross_sales,total_cost,profit,allocated_tax_amount,allocated_total_amount,status
1,1,1,20260323,145,28,2,2.0,3,1,1318.17,922.72,1318.17,922.72,395.45000000000005,478.1875,3666.1025,shipped
2,1,2,20260323,145,234,2,2.0,3,1,1245.72,872.0,1245.72,872.0,373.72,478.1875,3666.1025,shipped
3,1,3,20260323,145,194,2,2.0,3,2,3168.38,2217.87,6336.76,4435.74,1901.0200000000004,478.1875,3666.1025,shipped
4,1,4,20260323,145,114,2,2.0,3,3,1283.67,898.57,3851.01,2695.71,1155.3000000000002,478.1875,3666.1025,shipped
5,2,5,20260223,54,51,4,,1,1,314.76,220.33,314.76,220.33,94.42999999999998,245.785,1884.355,cancelled
6,2,6,20260223,54,49,4,,1,1,2962.38,2073.67,2962.38,2073.67,888.71,245.785,1884.355,cancelled
7,3,7,20260204,20,178,2,,1,3,2303.69,1612.58,6911.07,4837.74,2073.33,756.08,5796.6125,cancelled
8,3,8,20260204,20,11,2,,1,3,1423.06,996.14,4269.18,2988.42,1280.7600000000002,756.08,5796.6125,cancelled
9,3,9,20260204,20,219,2,,1,2,3210.35,2247.24,6420.7,4494.48,1926.2200000000003,756.08,5796.6125,cancelled
10,3,10,20260204,20,187,2,,1,2,1280.59,896.41,2561.18,1792.82,768.3599999999999,756.08,5796.6125,cancelled
11,4,11,20260128,35,132,1,,3,1,1837.97,1286.58,1837.97,1286.58,551.3900000000001,353.01,2706.4025,pending
12,4,12,20260128,35,46,1,,3,2,963.93,674.75,1927.86,1349.5,578.3599999999999,353.01,2706.4025,pending
13,4,13,20260128,35,101,1,,3,1,3079.81,2155.87,3079.81,2155.87,923.94,353.01,2706.4025,pending
14,4,14,20260128,35,248,1,,3,1,2567.93,1797.55,2567.93,1797.55,770.3799999999999,353.01,2706.4025,pending
15,5,15,20260318,143,64,4,3.0,2,2,2039.85,1427.89,4079.7,2855.78,1223.9199999999996,945.005,7245.05,shipped
16,5,16,20260318,143,245,4,3.0,2,3,2840.13,1988.09,8520.39,5964.2699999999995,2556.12,945.005,7245.05,shipped
17,6,17,20260403,37,168,2,3.0,3,1,1876.29,1313.4,1876.29,1313.4,562.8899999999999,413.895,3173.195,delivered
18,6,18,20260403,37,80,2,3.0,3,1,3531.1,2471.77,3531.1,2471.77,1059.33,413.895,3173.195,delivered
19,6,19,20260403,37,165,2,3.0,3,2,913.19,639.23,1826.38,1278.46,547.9200000000001,413.895,3173.195,delivered
20,6,20,20260403,37,99,2,3.0,3,3,1267.81,887.47,3803.43,2662.41,1141.02,413.895,3173.195,delivered
21,7,21,20260202,117,58,3,,1,1,1300.99,910.69,1300.99,910.69,390.29999999999995,165.12,1265.93,pending
22,7,22,20260202,117,6,3,,1,1,900.63,630.44,900.63,630.44,270.18999999999994,165.12,1265.93,pending
23,8,23,20260307,6,19,3,,3,2,241.33,168.93,482.66,337.86,144.8,602.1999999999999,4616.863333333334,pending
24,8,24,20260307,6,66,3,,3,1,948.2,663.74,948.2,663.74,284.46000000000004,602.1999999999999,4616.863333333334,pending
25,8,25,20260307,6,180,3,,3,3,3537.71,2476.4,10613.130000000001,7429.200000000001,3183.9300000000003,602.1999999999999,4616.863333333334,pending
26,9,26,20260326,35,87,3,1.0,3,2,1232.06,862.44,2464.12,1724.88,739.2399999999998,429.17,3290.31,shipped
27,9,27,20260326,35,237,3,1.0,3,2,2497.06,1747.94,4994.12,3495.88,1498.2399999999998,429.17,3290.31,shipped
28,9,28,20260326,35,132,3,1.0,3,2,239.54,167.68,479.08,335.36,143.71999999999997,429.17,3290.31,shipped
29,9,29,20260326,35,165,3,1.0,3,3,1169.08,818.36,3507.24,2455.08,1052.1599999999999,429.17,3290.31,shipped
30,10,30,20260124,27,20,1,4.0,3,3,3968.0,2777.6,11904.0,8332.8,3571.2000000000007,910.185,6978.085,paid
31,10,31,20260124,27,12,1,4.0,3,2,115.9,81.13,231.8,162.26,69.54000000000002,910.185,6978.085,paid
32,11,32,20260330,103,27,3,,2,3,1694.67,1186.27,5084.01,3558.81,1525.2000000000003,677.42,5193.545,cancelled
33,11,33,20260330,103,178,3,,2,3,1316.08,921.26,3948.24,2763.7799999999997,1184.46,677.42,5193.545,cancelled
34,12,34,20260322,120,101,4,4.0,1,2,3440.57,2408.4,6881.14,4816.8,2064.34,415.24,3183.513333333334,delivered
35,12,35,20260322,120,178,4,4.0,1,1,1268.82,888.17,1268.82,888.17,380.65,415.24,3183.513333333334,delivered
36,12,36,20260322,120,59,4,4.0,1,1,154.86,108.4,154.86,108.4,46.46000000000001,415.24,3183.513333333334,delivered
37,13,37,20260331,135,201,2,4.0,3,2,807.15,565.0,1614.3,1130.0,484.29999999999995,657.4833333333333,5040.7,shipped
38,13,38,20260331,135,33,2,4.0,3,1,2540.66,1778.46,2540.66,1778.46,762.1999999999998,657.4833333333333,5040.7,shipped
39,13,39,20260331,135,101,2,4.0,3,3,2998.23,2098.76,8994.69,6296.280000000001,2698.41,657.4833333333333,5040.7,shipped
40,14,40,20260307,72,214,2,3.0,1,2,1022.71,715.9,2045.42,1431.8,613.6200000000001,521.7375,3999.99,paid
41,14,41,20260307,72,206,2,3.0,1,1,3929.44,2750.61,3929.44,2750.61,1178.83,521.7375,3999.99,paid
42,14,42,20260307,72,154,2,3.0,1,1,467.91,327.54,467.91,327.54,140.37,521.7375,3999.99,paid
43,14,43,20260307,72,114,2,3.0,1,2,3735.12,2614.58,7470.24,5229.16,2241.08,521.7375,3999.99,paid
44,15,44,20260131,119,190,1,4.0,1,2,1002.1,701.47,2004.2,1402.94,601.26,300.63,2304.83,delivered
45,16,45,20260312,90,27,3,5.0,2,3,1776.71,1243.7,5330.13,3731.1000000000004,1599.0299999999997,413.64,3171.2475,shipped
46,16,46,20260312,90,94,3,5.0,2,1,202.72,141.9,202.72,141.9,60.81999999999999,413.64,3171.2475,shipped
47,16,47,20260312,90,247,3,5.0,2,1,229.64,160.75,229.64,160.75,68.88999999999999,413.64,3171.2475,shipped
48,16,48,20260312,90,82,3,5.0,2,3,1755.98,1229.19,5267.9400000000005,3687.57,1580.3700000000003,413.64,3171.2475,shipped
49,17,49,20260212,73,76,3,,3,3,832.65,582.85,2497.95,1748.5500000000002,749.3999999999996,374.69,2872.64,pending
50,18,50,20260409,106,140,3,2.0,3,3,2231.8,1562.26,6695.400000000001,4686.78,2008.6200000000008,1004.31,7699.71,shipped
51,19,51,20260226,16,131,4,5.0,3,1,655.85,459.09,655.85,459.09,196.76000000000005,1128.4166666666667,8651.183333333332,paid
52,19,52,20260226,16,8,4,5.0,3,3,3709.8,2596.86,11129.400000000001,7790.58,3338.8200000000015,1128.4166666666667,8651.183333333332,paid
53,19,53,20260226,16,66,4,5.0,3,3,3594.35,2516.04,10783.05,7548.12,3234.9299999999994,1128.4166666666667,8651.183333333332,paid
54,20,54,20260215,67,130,4,,2,1,2300.53,1610.37,2300.53,1610.37,690.1600000000003,338.21,2592.95,cancelled
55,20,55,20260215,67,81,4,,2,1,1804.43,1263.1,1804.43,1263.1,541.3300000000002,338.21,2592.95,cancelled
56,20,56,20260215,67,86,4,,2,1,1816.02,1271.21,1816.02,1271.21,544.81,338.21,2592.95,cancelled
57,20,57,20260215,67,113,4,,2,1,3097.98,2168.59,3097.98,2168.59,929.3899999999999,338.21,2592.95,cancelled
58,21,58,20260411,68,60,4,,2,1,2282.11,1597.48,2282.11,1597.48,684.6300000000001,704.3166666666666,5399.753333333333,cancelled
59,21,59,20260411,68,148,4,,2,2,943.22,660.25,1886.44,1320.5,565.94,704.3166666666666,5399.753333333333,cancelled
60,21,60,20260411,68,45,4,,2,3,3305.92,2314.14,9917.76,6942.42,2975.34,704.3166666666666,5399.753333333333,cancelled
61,22,61,20260304,129,183,1,,1,1,3678.28,2574.8,3678.28,2574.8,1103.48,551.74,4230.02,pending
62,23,62,20260316,99,160,3,4.0,3,3,3593.24,2515.27,10779.72,7545.8099999999995,3233.91,984.9525,7551.2975,delivered
63,23,63,20260316,99,173,3,4.0,3,2,3926.49,2748.54,7852.98,5497.08,2355.8999999999996,984.9525,7551.2975,delivered
64,23,64,20260316,99,53,3,4.0,3,2,3098.94,2169.26,6197.88,4338.52,1859.3599999999997,984.9525,7551.2975,delivered
65,23,65,20260316,99,130,3,4.0,3,1,1434.8,1004.36,1434.8,1004.36,430.43999999999994,984.9525,7551.2975,delivered
66,24,66,20260324,38,155,3,1.0,1,1,2739.14,1917.4,2739.14,1917.4,821.7399999999998,488.33,3743.866666666667,shipped
67,24,67,20260324,38,28,3,1.0,1,3,1715.55,1200.88,5146.65,3602.6400000000003,1544.0099999999993,488.33,3743.866666666667,shipped
68,24,68,20260324,38,92,3,1.0,1,2,940.41,658.29,1880.82,1316.58,564.24,488.33,3743.866666666667,shipped
69,25,69,20260326,15,124,1,3.0,1,2,3213.5,2249.45,6427.0,4498.9,1928.1000000000004,964.05,7391.05,shipped
70,26,70,20260305,43,164,3,2.0,2,1,182.13,127.49,182.13,127.49,54.64,122.19666666666666,936.8433333333334,shipped
71,26,71,20260305,43,74,3,2.0,2,1,632.31,442.62,632.31,442.62,189.68999999999994,122.19666666666666,936.8433333333334,shipped
72,26,72,20260305,43,117,3,2.0,2,2,814.75,570.32,1629.5,1140.64,488.8599999999999,122.19666666666666,936.8433333333334,shipped
73,27,73,20260306,135,9,4,,1,3,1517.5,1062.25,4552.5,3186.75,1365.75,636.095,4876.715,cancelled
74,27,74,20260306,135,242,4,,1,3,1309.58,916.71,3928.74,2750.13,1178.6099999999997,636.095,4876.715,cancelled
75,28,75,20260201,78,154,4,1.0,1,1,3572.06,2500.44,3572.06,2500.44,1071.62,932.945,7152.585,delivered
76,28,76,20260201,78,76,4,1.0,1,3,2955.74,2069.02,8867.22,6207.0599999999995,2660.16,932.945,7152.585,delivered
77,29,77,20260130,8,12,1,2.0,3,2,3563.45,2494.41,7126.9,4988.82,2138.08,796.1466666666666,6103.786666666667,shipped
78,29,78,20260130,8,38,1,2.0,3,2,3209.41,2246.59,6418.82,4493.18,1925.6399999999994,796.1466666666666,6103.786666666667,shipped
79,29,79,20260130,8,167,1,2.0,3,3,792.4,554.68,2377.2,1664.04,713.1599999999999,796.1466666666666,6103.786666666667,shipped
80,30,80,20260303,22,158,2,,2,1,1668.61,1168.03,1668.61,1168.03,500.5799999999999,538.3375,4127.25,cancelled
81,30,81,20260303,22,169,2,,2,2,1948.16,1363.71,3896.32,2727.42,1168.9,538.3375,4127.25,cancelled
82,30,82,20260303,22,122,2,,2,3,2080.54,1456.38,6241.62,4369.14,1872.4799999999996,538.3375,4127.25,cancelled
83,30,83,20260303,22,85,2,,2,1,2549.1,1784.37,2549.1,1784.37,764.73,538.3375,4127.25,cancelled
84,31,84,20260128,127,230,4,2.0,3,1,1068.55,747.98,1068.55,747.98,320.56999999999994,242.175,1856.66,shipped
85,31,85,20260128,127,180,4,2.0,3,2,1080.21,756.15,2160.42,1512.3,648.1200000000001,242.175,1856.66,shipped
86,32,86,20260410,87,136,1,1.0,2,3,1145.21,801.65,3435.63,2404.95,1030.6800000000003,501.94,3848.2099999999996,shipped
87,32,87,20260410,87,4,1,1.0,2,2,108.67,76.07,217.34,152.14,65.20000000000002,501.94,3848.2099999999996,shipped
88,32,88,20260410,87,158,1,1.0,2,2,3192.92,2235.04,6385.84,4470.08,1915.7600000000002,501.94,3848.2099999999996,shipped
89,33,89,20260124,11,53,4,1.0,3,1,3847.41,2693.19,3847.41,2693.19,1154.2199999999998,465.785,3571.02,paid
90,33,90,20260124,11,247,4,1.0,3,2,1181.53,827.07,2363.06,1654.14,708.9199999999998,465.785,3571.02,paid
91,34,91,20260328,135,158,3,2.0,1,1,1347.85,943.49,1347.85,943.49,404.3599999999999,379.335,2908.25,delivered
92,34,92,20260328,135,46,3,2.0,1,1,3709.98,2596.99,3709.98,2596.99,1112.9900000000002,379.335,2908.25,delivered
93,35,93,20260212,3,205,1,2.0,1,1,3504.31,2453.02,3504.31,2453.02,1051.29,1011.0025,7751.0225,paid
94,35,94,20260212,3,209,1,2.0,1,3,3746.36,2622.45,11239.08,7867.349999999999,3371.7300000000005,1011.0025,7751.0225,paid
95,35,95,20260212,3,8,1,2.0,1,3,2862.47,2003.73,8587.41,6011.1900000000005,2576.2199999999993,1011.0025,7751.0225,paid
96,35,96,20260212,3,237,1,2.0,1,1,3629.28,2540.5,3629.28,2540.5,1088.7800000000002,1011.0025,7751.0225,paid
97,36,97,20260309,111,18,2,3.0,3,1,1066.16,746.31,1066.16,746.31,319.85000000000014,229.82,1761.96,paid
98,36,98,20260309,111,80,2,3.0,3,3,471.26,329.88,1413.78,989.64,424.14,229.82,1761.96,paid
99,36,99,20260309,111,119,2,3.0,3,1,2452.56,1716.79,2452.56,1716.79,735.77,229.82,1761.96,paid
100,36,100,20260309,111,204,2,3.0,3,1,1196.06,837.24,1196.06,837.24,358.81999999999994,229.82,1761.96,paid
101,37,101,20260405,33,76,2,2.0,1,3,2526.16,1768.31,7578.48,5304.93,2273.5499999999993,1234.83,9467.04,delivered
102,37,102,20260405,33,55,2,2.0,1,3,2961.98,2073.39,8885.94,6220.17,2665.7700000000004,1234.83,9467.04,delivered
103,38,103,20260304,5,196,2,1.0,1,1,912.26,638.58,912.26,638.58,273.67999999999995,641.2925,4916.58,shipped
104,38,104,20260304,5,172,2,1.0,1,3,1885.13,1319.59,5655.39,3958.7699999999995,1696.6200000000008,641.2925,4916.58,shipped
105,38,105,20260304,5,95,2,1.0,1,2,3935.13,2754.59,7870.26,5509.18,2361.08,641.2925,4916.58,shipped
106,38,106,20260304,5,168,2,1.0,1,2,1331.62,932.13,2663.24,1864.26,798.9799999999998,641.2925,4916.58,shipped
107,39,107,20260316,86,7,2,4.0,1,2,841.12,588.78,1682.24,1177.56,504.68000000000006,647.81,4966.53,shipped
108,39,108,20260316,86,139,2,4.0,1,2,3477.6,2434.32,6955.2,4868.64,2086.5599999999995,647.81,4966.53,shipped
109,40,109,20260313,87,166,4,5.0,1,1,1541.03,1078.72,1541.03,1078.72,462.30999999999995,726.3475,5568.6575,delivered
110,40,110,20260313,87,222,4,5.0,1,3,2154.27,1507.99,6462.8099999999995,4523.97,1938.8399999999992,726.3475,5568.6575,delivered
111,40,111,20260313,87,31,4,5.0,1,3,2943.93,2060.75,8831.789999999999,6182.25,2649.539999999999,726.3475,5568.6575,delivered
112,40,112,20260313,87,60,4,5.0,1,1,2533.61,1773.53,2533.61,1773.53,760.0800000000002,726.3475,5568.6575,delivered
113,41,113,20260409,86,167,4,,1,2,2715.08,1900.56,5430.16,3801.12,1629.04,431.11,3305.17,cancelled
114,41,114,20260409,86,136,4,,1,1,317.96,222.57,317.96,222.57,95.38999999999999,431.11,3305.17,cancelled
115,42,115,20260227,109,242,3,3.0,1,3,201.08,140.76,603.24,422.28,180.96000000000004,231.335,1773.5725,delivered
116,42,116,20260227,109,248,3,3.0,1,1,224.38,157.07,224.38,157.07,67.31,231.335,1773.5725,delivered
117,42,117,20260227,109,185,3,3.0,1,1,2051.2,1435.84,2051.2,1435.84,615.3599999999999,231.335,1773.5725,delivered
118,42,118,20260227,109,45,3,3.0,1,3,1096.71,767.7,3290.13,2303.1000000000004,987.0299999999997,231.335,1773.5725,delivered
119,43,119,20260127,69,185,3,3.0,1,2,644.94,451.46,1289.88,902.92,386.96000000000015,583.8866666666667,4476.46,delivered
120,43,120,20260127,69,200,3,3.0,1,1,2878.39,2014.87,2878.39,2014.87,863.52,583.8866666666667,4476.46,delivered
121,43,121,20260127,69,184,3,3.0,1,3,2503.15,1752.2,7509.450000000001,5256.6,2252.8500000000004,583.8866666666667,4476.46,delivered
122,44,122,20260226,127,118,1,3.0,1,3,1798.73,1259.11,5396.1900000000005,3777.33,1618.8600000000006,806.3266666666667,6181.836666666666,shipped
123,44,123,20260226,127,34,1,3.0,1,3,2573.88,1801.72,7721.64,5405.16,2316.4800000000005,806.3266666666667,6181.836666666666,shipped
124,44,124,20260226,127,148,1,3.0,1,2,1504.35,1053.04,3008.7,2106.08,902.6199999999999,806.3266666666667,6181.836666666666,shipped
125,45,125,20260223,122,52,4,,2,2,472.25,330.57,944.5,661.14,283.36,311.0025,2384.35,pending
126,45,126,20260223,122,189,4,,2,2,1780.83,1246.58,3561.66,2493.16,1068.5,311.0025,2384.35,pending
127,45,127,20260223,122,53,4,,2,2,1623.47,1136.43,3246.94,2272.86,974.0799999999999,311.0025,2384.35,pending
128,45,128,20260223,122,165,4,,2,1,540.29,378.2,540.29,378.2,162.08999999999997,311.0025,2384.35,pending
129,46,129,20260120,102,94,4,,1,1,964.68,675.28,964.68,675.28,289.4,124.565,955.0,cancelled
130,46,130,20260120,102,219,4,,1,1,696.19,487.33,696.19,487.33,208.86000000000007,124.565,955.0,cancelled
131,47,131,20260311,50,23,1,,1,3,391.44,274.01,1174.32,822.03,352.28999999999996,444.28666666666663,3406.206666666667,cancelled
132,47,132,20260311,50,51,1,,1,2,2660.07,1862.05,5320.14,3724.1,1596.0400000000004,444.28666666666663,3406.206666666667,cancelled
133,47,133,20260311,50,61,1,,1,2,1195.65,836.96,2391.3,1673.92,717.3800000000001,444.28666666666663,3406.206666666667,cancelled
134,48,134,20260403,30,81,1,3.0,3,3,587.41,411.19,1762.23,1233.57,528.6600000000001,674.81,5173.555,paid
135,48,135,20260403,30,153,1,3.0,3,2,3617.63,2532.34,7235.26,5064.68,2170.58,674.81,5173.555,paid
136,49,136,20260406,139,61,4,5.0,1,2,2335.67,1634.97,4671.34,3269.94,1401.4,700.7,5372.04,paid
137,50,137,20260124,75,127,2,,3,2,844.03,590.82,1688.06,1181.64,506.41999999999985,253.21,1941.27,pending
138,51,138,20260304,39,127,3,,2,1,1233.0,863.1,1233.0,863.1,369.9,501.64000000000004,3845.9166666666665,pending
139,51,139,20260304,39,84,3,,2,3,1887.48,1321.24,5662.4400000000005,3963.7200000000003,1698.7200000000003,501.64000000000004,3845.9166666666665,pending
140,51,140,20260304,39,172,3,,2,1,3137.39,2196.17,3137.39,2196.17,941.2199999999998,501.64000000000004,3845.9166666666665,pending
141,52,141,20260219,137,38,1,2.0,2,3,2545.29,1781.7,7635.87,5345.1,2290.7699999999995,696.43,5339.305,delivered
142,52,142,20260219,137,236,1,2.0,2,1,2481.93,1737.35,2481.93,1737.35,744.5799999999999,696.43,5339.305,delivered
143,52,143,20260219,137,168,1,2.0,2,2,2967.74,2077.42,5935.48,4154.84,1780.6399999999994,696.43,5339.305,delivered
144,52,144,20260219,137,96,1,2.0,2,1,2518.22,1762.75,2518.22,1762.75,755.4699999999998,696.43,5339.305,delivered
145,53,145,20260328,14,185,1,,1,3,3250.71,2275.5,9752.130000000001,6826.5,2925.630000000001,703.1533333333333,5390.836666666667,pending
146,53,146,20260328,14,2,1,,1,1,1735.88,1215.12,1735.88,1215.12,520.7600000000002,703.1533333333333,5390.836666666667,pending
147,53,147,20260328,14,74,1,,1,2,1287.52,901.26,2575.04,1802.52,772.52,703.1533333333333,5390.836666666667,pending
148,54,148,20260323,36,203,1,,2,3,713.07,499.15,2139.21,1497.4499999999998,641.7600000000002,246.73,1891.6025,cancelled
149,54,149,20260323,36,248,1,,2,1,1060.95,742.66,1060.95,742.66,318.2900000000001,246.73,1891.6025,cancelled
150,54,150,20260323,36,95,1,,2,1,982.0,687.4,982.0,687.4,294.6,246.73,1891.6025,cancelled
151,54,151,20260323,36,250,1,,2,3,799.11,559.38,2397.33,1678.1399999999999,719.19,246.73,1891.6025,cancelled
152,55,152,20260414,7,197,2,5.0,1,2,2290.34,1603.24,4580.68,3206.48,1374.2000000000003,687.1,5267.78,shipped
153,56,153,20260408,12,198,4,2.0,1,2,929.0,650.3,1858.0,1300.6,557.4000000000001,553.11,4240.51,paid
154,56,154,20260408,12,60,4,2.0,1,2,2758.4,1930.88,5516.8,3861.76,1655.04,553.11,4240.51,paid
155,57,155,20260415,57,215,1,,2,2,1297.59,908.31,2595.18,1816.62,778.56,669.095,5129.73,cancelled
156,57,156,20260415,57,153,1,,2,2,3938.72,2757.1,7877.44,5514.2,2363.24,669.095,5129.73,cancelled
157,57,157,20260415,57,120,1,,2,1,2270.14,1589.1,2270.14,1589.1,681.04,669.095,5129.73,cancelled
158,57,158,20260415,57,176,1,,2,2,2549.89,1784.92,5099.78,3569.84,1529.9399999999996,669.095,5129.73,cancelled
159,58,159,20260223,93,238,2,4.0,3,2,1281.64,897.15,2563.28,1794.3,768.9800000000002,518.725,3976.8975,delivered
160,58,160,20260223,93,68,2,4.0,3,1,878.73,615.11,878.73,615.11,263.62,518.725,3976.8975,delivered
161,58,161,20260223,93,162,2,4.0,3,1,1243.95,870.76,1243.95,870.76,373.19000000000005,518.725,3976.8975,delivered
162,58,162,20260223,93,30,2,4.0,3,3,3048.91,2134.24,9146.73,6402.719999999999,2744.01,518.725,3976.8975,delivered
163,59,163,20260207,111,230,2,,1,2,1985.66,1389.96,3971.32,2779.92,1191.4,476.8975,3656.2075,pending
164,59,164,20260207,111,206,2,,1,3,1792.94,1255.06,5378.82,3765.18,1613.6399999999999,476.8975,3656.2075,pending
165,59,165,20260207,111,27,2,,1,1,1614.16,1129.91,1614.16,1129.91,484.25,476.8975,3656.2075,pending
166,59,166,20260207,111,147,2,,1,1,1752.94,1227.06,1752.94,1227.06,525.8800000000001,476.8975,3656.2075,pending
167,60,167,20260326,7,39,3,4.0,2,2,3200.44,2240.31,6400.88,4480.62,1920.2600000000002,960.13,7361.01,paid
168,61,168,20260208,113,30,2,1.0,3,1,3855.91,2699.14,3855.91,2699.14,1156.77,664.165,5091.92,paid
169,61,169,20260208,113,200,2,1.0,3,2,2499.8,1749.86,4999.6,3499.72,1499.8800000000006,664.165,5091.92,paid
170,62,170,20260301,115,12,4,3.0,3,3,1404.84,983.39,4214.5199999999995,2950.17,1264.3499999999995,536.2875,4111.5425,delivered
171,62,171,20260301,115,18,4,3.0,3,3,895.89,627.12,2687.67,1881.3600000000001,806.31,536.2875,4111.5425,delivered
172,62,172,20260301,115,139,4,3.0,3,1,3962.44,2773.71,3962.44,2773.71,1188.73,536.2875,4111.5425,delivered
173,62,173,20260301,115,241,4,3.0,3,1,3436.39,2405.47,3436.39,2405.47,1030.92,536.2875,4111.5425,delivered
174,63,174,20260124,12,108,2,3.0,2,3,2227.7,1559.39,6683.099999999999,4678.17,2004.9299999999994,1002.46,7685.56,delivered
175,64,175,20260324,3,81,3,1.0,3,3,1739.32,1217.52,5217.96,3652.56,1565.4,564.5500000000001,4328.21,shipped
176,64,176,20260324,3,229,3,1.0,3,3,1367.52,957.26,4102.5599999999995,2871.7799999999997,1230.7799999999997,564.5500000000001,4328.21,shipped
177,64,177,20260324,3,189,3,1.0,3,2,985.23,689.66,1970.46,1379.32,591.1400000000001,564.5500000000001,4328.21,shipped
178,65,178,20260220,78,46,4,,1,3,2733.56,1913.49,8200.68,5740.47,2460.21,583.8225,4475.9775,cancelled
179,65,179,20260220,78,228,4,,1,2,129.35,90.54,258.7,181.08,77.61999999999998,583.8225,4475.9775,cancelled
180,65,180,20260220,78,44,4,,1,2,641.8,449.26,1283.6,898.52,385.0799999999999,583.8225,4475.9775,cancelled
181,65,181,20260220,78,217,4,,1,2,2912.82,2038.97,5825.64,4077.94,1747.7000000000003,583.8225,4475.9775,cancelled
182,66,182,20260410,86,203,3,,2,2,3082.61,2157.83,6165.22,4315.66,1849.5600000000004,726.1025,5566.79,cancelled
183,66,183,20260410,86,54,3,,2,1,3459.13,2421.39,3459.13,2421.39,1037.7400000000002,726.1025,5566.79,cancelled
184,66,184,20260410,86,29,3,,2,2,1055.2,738.64,2110.4,1477.28,633.1200000000001,726.1025,5566.79,cancelled
185,66,185,20260410,86,23,3,,2,2,3814.0,2669.8,7628.0,5339.6,2288.3999999999996,726.1025,5566.79,cancelled
186,67,186,20260221,55,27,4,3.0,2,2,1218.25,852.77,2436.5,1705.54,730.96,585.9575,4492.3425,shipped
187,67,187,20260221,55,172,4,3.0,2,1,168.5,117.95,168.5,117.95,50.55,585.9575,4492.3425,shipped
188,67,188,20260221,55,93,4,3.0,2,2,565.2,395.64,1130.4,791.28,339.1200000000001,585.9575,4492.3425,shipped
189,67,189,20260221,55,135,4,3.0,2,3,3963.38,2774.37,11890.14,8323.11,3567.029999999999,585.9575,4492.3425,shipped
190,68,190,20260124,57,28,2,2.0,3,2,1597.56,1118.29,3195.12,2236.58,958.54,725.1575,5559.54,paid
191,68,191,20260124,57,169,2,2.0,3,3,2520.35,1764.24,7561.049999999999,5292.72,2268.329999999999,725.1575,5559.54,paid
192,68,192,20260124,57,191,2,2.0,3,2,1607.69,1125.38,3215.38,2250.76,964.6199999999999,725.1575,5559.54,paid
193,68,193,20260124,57,119,2,2.0,3,3,1788.66,1252.06,5365.9800000000005,3756.18,1609.8000000000006,725.1575,5559.54,paid
194,69,194,20260211,131,168,4,2.0,2,3,3843.8,2690.66,11531.400000000001,8071.98,3459.420000000002,835.04,6401.98,paid
195,69,195,20260211,131,201,4,2.0,2,2,1061.32,742.92,2122.64,1485.84,636.8,835.04,6401.98,paid
196,69,196,20260211,131,56,4,2.0,2,2,1523.39,1066.37,3046.78,2132.74,914.0400000000004,835.04,6401.98,paid
197,70,197,20260201,70,118,3,,3,1,3928.76,2750.13,3928.76,2750.13,1178.63,589.31,4518.07,pending
198,71,198,20260306,65,174,4,,1,1,1270.87,889.61,1270.87,889.61,381.2599999999999,510.33,3912.5400000000004,pending
199,71,199,20260306,65,196,4,,1,2,3657.55,2560.28,7315.1,5120.56,2194.54,510.33,3912.5400000000004,pending
200,71,200,20260306,65,140,4,,1,3,540.22,378.15,1620.66,1134.4499999999998,486.21000000000026,510.33,3912.5400000000004,pending
201,72,201,20260324,52,92,3,1.0,1,1,2964.22,2074.95,2964.22,2074.95,889.27,716.6325,5494.19,delivered
202,72,202,20260324,52,206,3,1.0,1,3,1826.49,1278.54,5479.47,3835.62,1643.8500000000004,716.6325,5494.19,delivered
203,72,203,20260324,52,105,3,1.0,1,1,3990.52,2793.36,3990.52,2793.36,1197.1599999999999,716.6325,5494.19,delivered
204,72,204,20260324,52,248,3,1.0,1,3,2225.34,1557.74,6676.02,4673.22,2002.8000000000002,716.6325,5494.19,delivered
205,73,205,20260217,149,45,4,4.0,2,3,2209.36,1546.55,6628.08,4639.65,1988.4300000000003,713.99,5473.915,delivered
206,73,206,20260217,149,231,4,4.0,2,1,2891.77,2024.24,2891.77,2024.24,867.53,713.99,5473.915,delivered
207,74,207,20260309,59,249,1,,2,1,466.2,326.34,466.2,326.34,139.86,69.93,536.13,cancelled
208,75,208,20260402,52,203,4,5.0,2,1,2661.95,1863.36,2661.95,1863.36,798.5899999999999,843.165,6464.26,delivered
209,75,209,20260402,52,18,4,5.0,2,3,2860.08,2002.06,8580.24,6006.18,2574.0599999999995,843.165,6464.26,delivered
210,76,210,20260416,16,107,2,1.0,1,1,1053.89,737.72,1053.89,737.72,316.1700000000001,348.7266666666667,2673.563333333333,paid
211,76,211,20260416,16,177,2,1.0,1,3,1332.19,932.53,3996.57,2797.59,1198.98,348.7266666666667,2673.563333333333,paid
212,76,212,20260416,16,226,2,1.0,1,1,1924.05,1346.83,1924.05,1346.83,577.22,348.7266666666667,2673.563333333333,paid
213,77,213,20260218,9,30,3,,1,3,2332.99,1633.09,6998.969999999999,4899.2699999999995,2099.7,881.2975,6756.6075,pending
214,77,214,20260218,9,55,3,,1,3,3530.46,2471.32,10591.380000000001,7413.960000000001,3177.42,881.2975,6756.6075,pending
215,77,215,20260218,9,166,3,,1,2,989.44,692.61,1978.88,1385.22,593.6600000000001,881.2975,6756.6075,pending
216,77,216,20260218,9,154,3,,1,1,3932.01,2752.41,3932.01,2752.41,1179.6000000000004,881.2975,6756.6075,pending
217,78,217,20260304,11,109,3,4.0,1,2,1395.74,977.02,2791.48,1954.04,837.44,963.825,7389.32,shipped
218,78,218,20260304,11,41,3,4.0,1,3,3353.17,2347.22,10059.51,7041.66,3017.8500000000004,963.825,7389.32,shipped
219,79,219,20260217,144,108,2,,2,2,3776.59,2643.61,7553.18,5287.22,2265.96,1132.98,8686.16,cancelled
220,80,220,20260408,7,109,1,,1,1,3374.37,2362.06,3374.37,2362.06,1012.31,1028.325,7883.835,pending
221,80,221,20260408,7,21,1,,1,3,3445.55,2411.88,10336.650000000001,7235.64,3101.010000000001,1028.325,7883.835,pending
222,81,222,20260403,114,41,3,,2,2,2133.71,1493.6,4267.42,2987.2,1280.2200000000003,572.625,4390.13,pending
223,81,223,20260403,114,182,3,,2,1,3367.59,2357.31,3367.59,2357.31,1010.2800000000002,572.625,4390.13,pending
224,82,224,20260303,128,190,2,,1,3,629.59,440.71,1888.77,1322.1299999999999,566.6400000000001,605.5,4642.165,cancelled
225,82,225,20260303,128,105,2,,1,3,2061.52,1443.06,6184.5599999999995,4329.18,1855.3799999999992,605.5,4642.165,cancelled
226,83,226,20260314,146,224,3,2.0,1,3,332.56,232.79,997.6800000000001,698.37,299.31000000000006,598.6166666666667,4589.400000000001,shipped
227,83,227,20260314,146,248,3,2.0,1,2,2945.27,2061.69,5890.54,4123.38,1767.1599999999999,598.6166666666667,4589.400000000001,shipped
228,83,228,20260314,146,211,3,2.0,1,3,1694.71,1186.3,5084.13,3558.8999999999996,1525.2300000000005,598.6166666666667,4589.400000000001,shipped
229,84,229,20260321,78,249,3,,1,2,1591.83,1114.28,3183.66,2228.56,955.0999999999999,723.24,5544.83,pending
230,84,230,20260321,78,61,3,,1,2,3229.76,2260.83,6459.52,4521.66,1937.8600000000006,723.24,5544.83,pending
231,85,231,20260410,128,211,1,,2,3,1330.07,931.05,3990.21,2793.1499999999996,1197.0600000000004,342.765,2627.875,pending
232,85,232,20260410,128,58,1,,2,1,580.01,406.01,580.01,406.01,174.0,342.765,2627.875,pending
233,86,233,20260128,132,45,3,,1,3,3466.64,2426.65,10399.92,7279.950000000001,3119.9699999999993,825.38,6327.92,cancelled
234,86,234,20260128,132,188,3,,1,3,201.72,141.2,605.16,423.59999999999997,181.56,825.38,6327.92,cancelled
235,87,235,20260401,101,140,2,4.0,1,2,2006.22,1404.35,4012.44,2808.7,1203.7400000000002,698.3166666666666,5353.763333333333,shipped
236,87,236,20260401,101,62,2,4.0,1,2,2372.71,1660.9,4745.42,3321.8,1423.62,698.3166666666666,5353.763333333333,shipped
237,87,237,20260401,101,27,2,4.0,1,2,2604.24,1822.97,5208.48,3645.94,1562.5399999999995,698.3166666666666,5353.763333333333,shipped
238,88,238,20260225,45,159,4,1.0,1,3,3214.34,2250.04,9643.02,6750.12,2892.9000000000005,747.15,5728.150000000001,shipped
239,88,239,20260225,45,102,4,1.0,1,1,3068.24,2147.77,3068.24,2147.77,920.4699999999998,747.15,5728.150000000001,shipped
240,88,240,20260225,45,75,4,1.0,1,1,2231.74,1562.22,2231.74,1562.22,669.5199999999998,747.15,5728.150000000001,shipped
241,89,241,20260415,76,103,3,,2,3,3741.58,2619.11,11224.74,7857.33,3367.41,646.8825,4959.435,cancelled
242,89,242,20260415,76,61,3,,2,3,1064.91,745.44,3194.7300000000005,2236.32,958.4100000000003,646.8825,4959.435,cancelled
243,89,243,20260415,76,62,3,,2,2,1254.08,877.86,2508.16,1755.72,752.4399999999998,646.8825,4959.435,cancelled
244,89,244,20260415,76,77,3,,2,2,161.29,112.9,322.58,225.8,96.77999999999997,646.8825,4959.435,cancelled
245,90,245,20260222,137,19,3,4.0,1,1,3304.57,2313.2,3304.57,2313.2,991.3700000000003,530.85,4069.8575,paid
246,90,246,20260222,137,214,3,4.0,1,1,2940.87,2058.61,2940.87,2058.61,882.2599999999998,530.85,4069.8575,paid
247,90,247,20260222,137,223,3,4.0,1,1,766.12,536.28,766.12,536.28,229.84000000000003,530.85,4069.8575,paid
248,90,248,20260222,137,96,3,4.0,1,3,2381.49,1667.04,7144.469999999999,5001.12,2143.3499999999995,530.85,4069.8575,paid
249,91,249,20260412,30,36,2,,2,2,1522.51,1065.76,3045.02,2131.52,913.5,438.89,3364.815,pending
250,91,250,20260412,30,18,2,,2,1,2806.83,1964.78,2806.83,1964.78,842.05,438.89,3364.815,pending
251,92,251,20260124,30,68,1,2.0,2,3,3555.06,2488.54,10665.18,7465.62,3199.5600000000004,1599.78,12264.96,shipped
252,93,252,20260419,50,121,2,1.0,3,2,387.3,271.11,774.6,542.22,232.38,318.8,2444.125,delivered
253,93,253,20260419,50,63,2,1.0,3,2,2081.47,1457.03,4162.94,2914.06,1248.8799999999997,318.8,2444.125,delivered
254,93,254,20260419,50,66,2,1.0,3,2,1044.45,731.12,2088.9,1462.24,626.6600000000001,318.8,2444.125,delivered
255,93,255,20260419,50,27,2,1.0,3,2,737.43,516.2,1474.86,1032.4,442.4599999999998,318.8,2444.125,delivered
256,94,256,20260407,11,7,4,5.0,3,1,3497.76,2448.43,3497.76,2448.43,1049.3300000000004,387.29333333333335,2969.26,shipped
257,94,257,20260407,11,75,4,5.0,3,1,2800.55,1960.38,2800.55,1960.38,840.1700000000001,387.29333333333335,2969.26,shipped
258,94,258,20260407,11,192,4,5.0,3,3,482.53,337.77,1447.59,1013.31,434.28,387.29333333333335,2969.26,shipped
259,95,259,20260221,49,191,1,,2,3,725.21,507.65,2175.63,1522.9499999999998,652.6800000000003,569.1175,4363.2325,cancelled
260,95,260,20260221,49,82,1,,2,3,2161.59,1513.11,6484.77,4539.33,1945.4400000000005,569.1175,4363.2325,cancelled
261,95,261,20260221,49,77,1,,2,3,1133.02,793.11,3399.06,2379.33,1019.73,569.1175,4363.2325,cancelled
262,95,262,20260221,49,122,1,,2,3,1039.0,727.3,3117.0,2181.8999999999996,935.1000000000004,569.1175,4363.2325,cancelled
263,96,263,20260216,79,147,2,5.0,1,3,2124.24,1486.97,6372.719999999999,4460.91,1911.8099999999995,692.8625,5311.9425,delivered
264,96,264,20260216,79,34,2,5.0,1,2,1927.38,1349.17,3854.76,2698.34,1156.42,692.8625,5311.9425,delivered
265,96,265,20260216,79,199,2,5.0,1,2,467.96,327.57,935.92,655.14,280.78,692.8625,5311.9425,delivered
266,96,266,20260216,79,62,2,5.0,1,2,3656.46,2559.52,7312.92,5119.04,2193.88,692.8625,5311.9425,delivered
267,97,267,20260418,121,93,3,4.0,2,3,1862.35,1303.64,5587.049999999999,3910.92,1676.1299999999992,838.06,6425.11,delivered
268,98,268,20260130,6,61,3,,2,3,388.08,271.66,1164.24,814.98,349.26,768.99,5895.6,pending
269,98,269,20260130,6,156,3,,2,3,3029.66,2120.76,9088.98,6362.280000000001,2726.699999999999,768.99,5895.6,pending
270,99,270,20260319,21,152,1,,1,1,2061.97,1443.38,2061.97,1443.38,618.5899999999997,954.84,7320.445,pending
271,99,271,20260319,21,188,1,,1,3,2171.59,1520.11,6514.77,4560.33,1954.4400000000005,954.84,7320.445,pending
272,99,272,20260319,21,51,1,,1,3,2528.67,1770.07,7586.01,5310.21,2275.8,954.84,7320.445,pending
273,99,273,20260319,21,14,1,,1,3,3099.89,2169.92,9299.67,6509.76,2789.91,954.84,7320.445,pending
274,100,274,20260204,129,147,2,,1,1,2844.84,1991.39,2844.84,1991.39,853.45,658.3733333333333,5047.533333333334,cancelled
275,100,275,20260204,129,35,2,,1,3,2268.52,1587.96,6805.5599999999995,4763.88,2041.6799999999994,658.3733333333333,5047.533333333334,cancelled
276,100,276,20260204,129,37,2,,1,3,1172.36,820.65,3517.08,2461.95,1055.13,658.3733333333333,5047.533333333334,cancelled
277,101,277,20260407,54,135,3,2.0,2,1,537.4,376.18,537.4,376.18,161.21999999999997,427.72333333333336,3279.2033333333334,shipped
278,101,278,20260407,54,114,3,2.0,2,2,2350.63,1645.44,4701.26,3290.88,1410.38,427.72333333333336,3279.2033333333334,shipped
279,101,279,20260407,54,191,3,2.0,2,1,3315.78,2321.05,3315.78,2321.05,994.73,427.72333333333336,3279.2033333333334,shipped
280,102,280,20260126,3,220,4,5.0,1,2,268.75,188.12,537.5,376.24,161.26,251.785,1930.34,shipped
281,102,281,20260126,3,11,4,5.0,1,3,939.87,657.91,2819.61,1973.73,845.8800000000001,251.785,1930.34,shipped
282,103,282,20260205,128,30,3,4.0,3,3,273.47,191.43,820.4100000000001,574.29,246.12000000000012,123.06,943.47,delivered
283,104,283,20260409,13,61,4,,2,1,1694.43,1186.1,1694.43,1186.1,508.33000000000015,300.785,2306.02,pending
284,104,284,20260409,13,241,4,,2,2,1158.02,810.61,2316.04,1621.22,694.8199999999999,300.785,2306.02,pending
285,105,285,20260313,128,137,3,3.0,1,1,3366.92,2356.84,3366.92,2356.84,1010.0799999999999,471.035,3611.265,delivered
286,105,286,20260313,128,76,3,3.0,1,2,1456.77,1019.74,2913.54,2039.48,874.06,471.035,3611.265,delivered
287,106,287,20260323,49,217,4,4.0,1,3,2687.15,1881.0,8061.450000000001,5643.0,2418.4500000000007,662.5,5079.1625,shipped
288,106,288,20260323,49,173,4,4.0,1,2,1927.96,1349.57,3855.92,2699.14,1156.7800000000002,662.5,5079.1625,shipped
289,106,289,20260323,49,118,4,4.0,1,3,1404.9,983.43,4214.700000000001,2950.29,1264.4100000000008,662.5,5079.1625,shipped
290,106,290,20260323,49,243,4,4.0,1,2,767.29,537.1,1534.58,1074.2,460.3799999999999,662.5,5079.1625,shipped
291,107,291,20260311,140,108,1,,3,2,1871.74,1310.22,3743.48,2620.44,1123.04,578.945,4438.565,pending
292,107,292,20260311,140,109,1,,3,2,1987.88,1391.52,3975.76,2783.04,1192.7200000000003,578.945,4438.565,pending
293,108,293,20260410,113,190,1,4.0,2,3,747.54,523.28,2242.62,1569.84,672.78,336.39,2579.01,paid
294,109,294,20260312,132,6,4,,2,2,2800.14,1960.1,5600.28,3920.2,1680.08,719.865,5518.97,cancelled
295,109,295,20260312,132,148,4,,2,2,3927.19,2749.03,7854.38,5498.06,2356.3199999999997,719.865,5518.97,cancelled
296,109,296,20260312,132,238,4,,2,2,2458.32,1720.82,4916.64,3441.64,1475.0000000000005,719.865,5518.97,cancelled
297,109,297,20260312,132,51,4,,2,3,275.04,192.53,825.1200000000001,577.59,247.5300000000001,719.865,5518.97,cancelled
298,110,298,20260419,94,203,2,3.0,1,1,2702.01,1891.41,2702.01,1891.41,810.6000000000001,404.605,3101.9675,paid
299,110,299,20260419,94,85,2,3.0,1,2,192.59,134.81,385.18,269.62,115.56,404.605,3101.9675,paid
300,110,300,20260419,94,54,2,3.0,1,2,1853.29,1297.3,3706.58,2594.6,1111.98,404.605,3101.9675,paid
301,110,301,20260419,94,46,2,3.0,1,2,1997.84,1398.49,3995.68,2796.98,1198.6999999999998,404.605,3101.9675,paid
302,111,302,20260201,140,145,2,,2,3,1605.21,1123.65,4815.63,3370.9500000000003,1444.6799999999998,492.465,3775.58,cancelled
303,111,303,20260201,140,34,2,,2,1,1750.6,1225.42,1750.6,1225.42,525.1799999999998,492.465,3775.58,cancelled
304,112,304,20260120,84,2,3,,3,3,3168.37,2217.86,9505.11,6653.58,2851.5300000000007,1425.77,10930.88,pending
305,113,305,20260226,66,50,3,3.0,1,2,3871.96,2710.37,7743.92,5420.74,2323.1800000000003,1161.59,8905.51,paid
306,114,306,20260131,117,7,4,,3,1,3459.4,2421.58,3459.4,2421.58,1037.8200000000002,518.91,3978.31,cancelled
307,115,307,20260131,129,168,1,5.0,3,3,2720.31,1904.22,8160.93,5712.66,2448.2700000000004,1224.14,9385.07,shipped
308,116,308,20260212,2,227,2,2.0,3,3,253.62,177.53,760.86,532.59,228.26999999999998,285.69666666666666,2190.34,shipped
309,116,309,20260212,2,214,2,2.0,3,1,2687.01,1880.91,2687.01,1880.91,806.1000000000001,285.69666666666666,2190.34,shipped
310,116,310,20260212,2,56,2,2.0,3,2,1133.03,793.12,2266.06,1586.24,679.8199999999999,285.69666666666666,2190.34,shipped
311,117,311,20260121,95,31,1,,3,1,621.18,434.83,621.18,434.83,186.34999999999997,494.3666666666666,3790.1433333333334,pending
312,117,312,20260121,95,22,1,,3,3,2064.89,1445.42,6194.67,4336.26,1858.4099999999999,494.3666666666666,3790.1433333333334,pending
313,117,313,20260121,95,155,1,,3,1,3071.48,2150.04,3071.48,2150.04,921.44,494.3666666666666,3790.1433333333334,pending
314,118,314,20260216,98,110,2,,1,3,286.49,200.54,859.47,601.62,257.85,346.24,2654.505,cancelled
315,118,315,20260216,98,26,2,,1,1,3757.06,2629.94,3757.06,2629.94,1127.12,346.24,2654.505,cancelled
316,119,316,20260222,99,64,4,5.0,3,1,884.17,618.92,884.17,618.92,265.25,744.7725,5709.925,paid
317,119,317,20260222,99,178,4,5.0,3,3,2870.16,2009.11,8610.48,6027.33,2583.1499999999996,744.7725,5709.925,paid
318,119,318,20260222,99,3,4,5.0,3,3,2024.66,1417.26,6073.9800000000005,4251.78,1822.2000000000007,744.7725,5709.925,paid
319,119,319,20260222,99,82,4,5.0,3,2,2145.99,1502.19,4291.98,3004.38,1287.5999999999995,744.7725,5709.925,paid
320,120,320,20260311,117,76,2,3.0,2,3,1810.38,1267.27,5431.14,3801.81,1629.3300000000004,499.63,3830.495,delivered
321,120,321,20260311,117,39,2,3.0,2,1,1230.59,861.41,1230.59,861.41,369.17999999999995,499.63,3830.495,delivered
322,121,322,20260413,107,63,1,3.0,2,2,1932.91,1353.04,3865.82,2706.08,1159.7400000000002,514.59,3945.19,paid
323,121,323,20260413,107,92,1,3.0,2,2,1861.17,1302.82,3722.34,2605.64,1116.7000000000003,514.59,3945.19,paid
324,121,324,20260413,107,133,1,3.0,2,2,1351.82,946.27,2703.64,1892.54,811.0999999999999,514.59,3945.19,paid
325,122,325,20260405,80,170,4,,2,3,2184.33,1529.03,6552.99,4587.09,1965.8999999999996,982.95,7535.94,cancelled
326,123,326,20260329,24,85,1,,1,3,292.31,204.62,876.9300000000001,613.86,263.07000000000005,298.075,2285.2375,cancelled
327,123,327,20260329,24,17,1,,1,3,1805.33,1263.73,5415.99,3791.19,1624.7999999999997,298.075,2285.2375,cancelled
328,123,328,20260329,24,112,1,,1,1,1093.97,765.78,1093.97,765.78,328.19000000000005,298.075,2285.2375,cancelled
329,123,329,20260329,24,107,1,,1,1,561.76,393.23,561.76,393.23,168.52999999999997,298.075,2285.2375,cancelled
330,124,330,20260320,44,223,3,2.0,2,2,2129.97,1490.98,4259.94,2981.96,1277.9799999999996,638.99,4898.93,paid
331,125,331,20260313,120,31,3,,1,3,1048.49,733.94,3145.4700000000003,2201.82,943.6500000000001,584.81,4483.55,cancelled
332,125,332,20260313,120,180,3,,1,3,1550.67,1085.47,4652.01,3256.41,1395.6000000000004,584.81,4483.55,cancelled
333,126,333,20260130,65,59,3,3.0,2,1,3033.18,2123.23,3033.18,2123.23,909.9499999999998,924.31,7086.38,paid
334,126,334,20260130,65,93,3,3.0,2,3,2492.79,1744.95,7478.37,5234.85,2243.5199999999995,924.31,7086.38,paid
335,126,335,20260130,65,109,3,3.0,2,2,3987.33,2791.13,7974.66,5582.26,2392.3999999999996,924.31,7086.38,paid
336,127,336,20260125,71,224,4,,2,3,734.94,514.46,2204.82,1543.38,661.44,549.9266666666666,4216.096666666667,pending
337,127,337,20260125,71,91,4,,2,1,1404.49,983.14,1404.49,983.14,421.35,549.9266666666666,4216.096666666667,pending
338,127,338,20260125,71,81,4,,2,2,3694.6,2586.22,7389.2,5172.44,2216.76,549.9266666666666,4216.096666666667,pending
339,128,339,20260212,67,60,1,,2,2,1733.13,1213.19,3466.26,2426.38,1039.88,507.68,3892.2166666666667,cancelled
340,128,340,20260212,67,10,1,,2,3,1590.33,1113.23,4770.99,3339.69,1431.2999999999997,507.68,3892.2166666666667,cancelled
341,128,341,20260212,67,112,1,,2,2,958.18,670.73,1916.36,1341.46,574.8999999999999,507.68,3892.2166666666667,cancelled
342,129,342,20260124,120,236,4,1.0,2,2,3231.55,2262.09,6463.1,4524.18,1938.92,951.5475,7295.19,delivered
343,129,343,20260124,120,236,4,1.0,2,2,3504.9,2453.43,7009.8,4906.86,2102.9400000000005,951.5475,7295.19,delivered
344,129,344,20260124,120,196,4,1.0,2,3,2737.47,1916.23,8212.41,5748.6900000000005,2463.7199999999993,951.5475,7295.19,delivered
345,129,345,20260124,120,95,4,1.0,2,1,3689.26,2582.48,3689.26,2582.48,1106.7800000000002,951.5475,7295.19,delivered
346,130,346,20260208,25,36,1,5.0,2,3,3014.77,2110.34,9044.31,6331.02,2713.289999999999,635.9833333333333,4875.87,delivered
347,130,347,20260208,25,214,1,5.0,2,1,2694.31,1886.02,2694.31,1886.02,808.29,635.9833333333333,4875.87,delivered
348,130,348,20260208,25,248,1,5.0,2,2,490.52,343.36,981.04,686.72,294.31999999999994,635.9833333333333,4875.87,delivered
349,131,349,20260304,114,171,2,,2,2,2182.91,1528.04,4365.82,3056.08,1309.7399999999998,325.62,2496.4225,cancelled
350,131,350,20260304,114,35,2,,2,1,1167.57,817.3,1167.57,817.3,350.27,325.62,2496.4225,cancelled
351,131,351,20260304,114,212,2,,2,1,1247.6,873.32,1247.6,873.32,374.27999999999986,325.62,2496.4225,cancelled
352,131,352,20260304,114,118,2,,2,1,1902.22,1331.55,1902.22,1331.55,570.6700000000001,325.62,2496.4225,cancelled
353,132,353,20260129,106,240,2,2.0,3,1,1945.81,1362.07,1945.81,1362.07,583.74,344.8666666666666,2643.98,shipped
354,132,354,20260129,106,189,2,2.0,3,1,1393.43,975.4,1393.43,975.4,418.0300000000001,344.8666666666666,2643.98,shipped
355,132,355,20260129,106,107,2,2.0,3,1,3558.1,2490.67,3558.1,2490.67,1067.4299999999998,344.8666666666666,2643.98,shipped
356,133,356,20260328,9,153,1,5.0,1,2,1556.01,1089.21,3112.02,2178.42,933.5999999999999,874.76,6706.505,delivered
357,133,357,20260328,9,107,1,5.0,1,3,2850.49,1995.34,8551.47,5986.0199999999995,2565.45,874.76,6706.505,delivered
358,134,358,20260208,83,164,1,1.0,2,3,2744.16,1920.91,8232.48,5762.7300000000005,2469.749999999999,555.8033333333334,4261.17,shipped
359,134,359,20260208,83,233,1,1.0,2,1,1711.36,1197.95,1711.36,1197.95,513.4099999999999,555.8033333333334,4261.17,shipped
360,134,360,20260208,83,97,1,1.0,2,1,1172.26,820.58,1172.26,820.58,351.67999999999995,555.8033333333334,4261.17,shipped
361,135,361,20260418,146,128,1,,3,1,334.18,233.93,334.18,233.93,100.25,162.4,1245.055,cancelled
362,135,362,20260418,146,241,1,,3,1,1831.13,1281.79,1831.13,1281.79,549.3400000000001,162.4,1245.055,cancelled
363,136,363,20260211,87,101,4,1.0,1,3,1977.11,1383.98,5931.33,4151.9400000000005,1779.3899999999994,476.27,3651.405,paid
364,136,364,20260211,87,50,4,1.0,1,1,418.94,293.26,418.94,293.26,125.68,476.27,3651.405,paid
365,137,365,20260406,146,105,4,,3,3,3578.56,2504.99,10735.68,7514.969999999999,3220.710000000001,1610.35,12346.03,cancelled
366,138,366,20260324,17,75,3,5.0,2,2,3248.92,2274.24,6497.84,4548.48,1949.3600000000006,738.9,5664.905,delivered
367,138,367,20260324,17,108,3,5.0,2,1,3188.34,2231.84,3188.34,2231.84,956.5,738.9,5664.905,delivered
368,138,368,20260324,17,76,3,5.0,2,2,1589.58,1112.71,3179.16,2225.42,953.7399999999998,738.9,5664.905,delivered
369,138,369,20260324,17,113,3,5.0,2,3,2279.56,1595.69,6838.68,4787.07,2051.6100000000006,738.9,5664.905,delivered
370,139,370,20260123,38,21,3,1.0,1,2,2792.76,1954.93,5585.52,3909.86,1675.6600000000003,798.7025,6123.385,delivered
371,139,371,20260123,38,11,3,1.0,1,1,3986.97,2790.88,3986.97,2790.88,1196.0899999999997,798.7025,6123.385,delivered
372,139,372,20260123,38,115,3,1.0,1,3,3495.0,2446.5,10485.0,7339.5,3145.5,798.7025,6123.385,delivered
373,139,373,20260123,38,78,3,1.0,1,1,1241.24,868.87,1241.24,868.87,372.37,798.7025,6123.385,delivered
374,140,374,20260417,6,61,3,3.0,1,3,2744.48,1921.14,8233.44,5763.42,2470.0200000000004,726.1225,5566.945,paid
375,140,375,20260417,6,93,3,3.0,1,2,1542.05,1079.43,3084.1,2158.86,925.2399999999998,726.1225,5566.945,paid
376,140,376,20260417,6,64,3,3.0,1,2,2714.86,1900.4,5429.72,3800.8,1628.92,726.1225,5566.945,paid
377,140,377,20260417,6,9,3,3.0,1,1,2616.03,1831.22,2616.03,1831.22,784.8100000000002,726.1225,5566.945,paid
378,141,378,20260215,5,24,1,,2,3,2147.32,1503.12,6441.960000000001,4509.36,1932.6000000000013,916.715,7028.14,pending
379,141,379,20260215,5,199,1,,2,2,3269.49,2288.64,6538.98,4577.28,1961.6999999999998,916.715,7028.14,pending
380,141,380,20260215,5,189,1,,2,2,539.56,377.69,1079.12,755.38,323.7399999999999,916.715,7028.14,pending
381,141,381,20260215,5,171,1,,2,3,3461.88,2423.32,10385.64,7269.960000000001,3115.6799999999985,916.715,7028.14,pending
382,142,382,20260419,28,214,4,1.0,1,2,2547.04,1782.93,5094.08,3565.86,1528.2199999999998,762.3633333333333,5844.783333333333,shipped
383,142,383,20260419,28,128,4,1.0,1,2,1310.72,917.5,2621.44,1835.0,786.44,762.3633333333333,5844.783333333333,shipped
384,142,384,20260419,28,7,4,1.0,1,2,3765.87,2636.11,7531.74,5272.22,2259.5199999999995,762.3633333333333,5844.783333333333,shipped
385,143,385,20260408,100,203,2,4.0,1,2,2036.81,1425.77,4073.62,2851.54,1222.08,532.85,4085.1733333333336,delivered
386,143,386,20260408,100,26,2,4.0,1,2,1655.65,1158.95,3311.3,2317.9,993.4000000000001,532.85,4085.1733333333336,delivered
387,143,387,20260408,100,18,2,4.0,1,1,3272.05,2290.43,3272.05,2290.43,981.6200000000003,532.85,4085.1733333333336,delivered
388,144,388,20260303,22,211,1,,3,3,1999.07,1399.35,5997.21,4198.049999999999,1799.1600000000008,469.5733333333333,3600.066666666667,pending
389,144,389,20260303,22,182,1,,3,1,1064.15,744.9,1064.15,744.9,319.2500000000001,469.5733333333333,3600.066666666667,pending
390,144,390,20260303,22,209,1,,3,2,1165.06,815.54,2330.12,1631.08,699.04,469.5733333333333,3600.066666666667,pending
391,145,391,20260127,65,11,3,1.0,3,3,801.38,560.97,2404.14,1682.91,721.2299999999998,509.315,3904.735,shipped
392,145,392,20260127,65,118,3,1.0,3,2,2193.35,1535.34,4386.7,3070.68,1316.02,509.315,3904.735,shipped
393,146,393,20260327,45,134,1,,1,2,372.57,260.8,745.14,521.6,223.53999999999996,708.8025,5434.15,cancelled
394,146,394,20260327,45,248,1,,1,3,1820.83,1274.58,5462.49,3823.74,1638.75,708.8025,5434.15,cancelled
395,146,395,20260327,45,74,1,,1,3,3234.58,2264.21,9703.74,6792.63,2911.1099999999997,708.8025,5434.15,cancelled
396,146,396,20260327,45,42,1,,1,1,2990.02,2093.01,2990.02,2093.01,897.0099999999998,708.8025,5434.15,cancelled
397,147,397,20260318,124,183,1,,3,1,2330.77,1631.54,2330.77,1631.54,699.23,349.62,2680.39,pending
398,148,398,20260207,134,124,3,5.0,2,2,2177.3,1524.11,4354.6,3048.22,1306.3800000000006,426.03,3266.215,paid
399,148,399,20260207,134,146,3,5.0,2,1,1325.77,928.04,1325.77,928.04,397.73,426.03,3266.215,paid
400,149,400,20260207,11,243,4,,1,3,2954.61,2068.23,8863.83,6204.6900000000005,2659.1399999999994,1114.115,8541.56,pending
401,149,401,20260207,11,96,4,,1,3,1997.02,1397.91,5991.0599999999995,4193.7300000000005,1797.329999999999,1114.115,8541.56,pending
402,150,402,20260328,99,165,2,4.0,3,3,1158.71,811.1,3476.13,2433.3,1042.83,639.3333333333334,4901.5633333333335,delivered
403,150,403,20260328,99,64,2,4.0,3,2,1344.79,941.35,2689.58,1882.7,806.8799999999999,639.3333333333334,4901.5633333333335,delivered
404,150,404,20260328,99,132,2,4.0,3,2,3310.49,2317.34,6620.98,4634.68,1986.2999999999993,639.3333333333334,4901.5633333333335,delivered
405,151,405,20260212,37,47,2,3.0,1,2,2825.22,1977.65,5650.44,3955.3,1695.1399999999994,623.27,4778.413333333333,delivered
406,151,406,20260212,37,59,2,3.0,1,1,1529.47,1070.63,1529.47,1070.63,458.8399999999999,623.27,4778.413333333333,delivered
407,151,407,20260212,37,47,2,3.0,1,2,2642.76,1849.93,5285.52,3699.86,1585.6600000000003,623.27,4778.413333333333,delivered
408,152,408,20260418,110,141,2,3.0,1,1,1389.69,972.78,1389.69,972.78,416.9100000000001,713.11,5467.165,paid
409,152,409,20260418,110,246,2,3.0,1,3,2706.14,1894.3,8118.42,5682.9,2435.5200000000004,713.11,5467.165,paid
410,153,410,20260211,42,76,3,1.0,3,2,3440.58,2408.41,6881.16,4816.82,2064.34,1032.17,7913.33,delivered
411,154,411,20260202,147,93,3,,1,2,2571.34,1799.94,5142.68,3599.88,1542.8000000000002,920.02,7053.49,cancelled
412,154,412,20260202,147,86,3,,1,2,3279.44,2295.61,6558.88,4591.22,1967.6599999999999,920.02,7053.49,cancelled
413,154,413,20260202,147,242,3,,1,3,2476.17,1733.32,7428.51,5199.96,2228.55,920.02,7053.49,cancelled
414,154,414,20260202,147,194,3,,1,3,1801.27,1260.89,5403.8099999999995,3782.67,1621.1399999999994,920.02,7053.49,cancelled
415,155,415,20260213,95,59,4,1.0,1,1,3137.08,2195.96,3137.08,2195.96,941.1199999999999,671.305,5146.67,delivered
416,155,416,20260213,95,5,4,1.0,1,1,3666.6,2566.62,3666.6,2566.62,1099.98,671.305,5146.67,delivered
417,155,417,20260213,95,235,4,1.0,1,3,2615.02,1830.51,7845.0599999999995,5491.53,2353.5299999999997,671.305,5146.67,delivered
418,155,418,20260213,95,142,4,1.0,1,2,1626.36,1138.45,3252.72,2276.9,975.8199999999997,671.305,5146.67,delivered
419,156,419,20260416,68,229,1,3.0,3,1,2877.94,2014.56,2877.94,2014.56,863.3800000000001,438.49333333333334,3361.7766666666666,shipped
420,156,420,20260416,68,179,1,3.0,3,3,505.47,353.83,1516.41,1061.49,454.9200000000001,438.49333333333334,3361.7766666666666,shipped
421,156,421,20260416,68,249,1,3.0,3,2,2187.75,1531.42,4375.5,3062.84,1312.6599999999999,438.49333333333334,3361.7766666666666,shipped
422,157,422,20260418,95,72,4,4.0,3,2,3021.98,2115.39,6043.96,4230.78,1813.1800000000003,812.6333333333333,6230.193333333334,delivered
423,157,423,20260418,95,27,4,4.0,3,2,1532.92,1073.04,3065.84,2146.08,919.7600000000002,812.6333333333333,6230.193333333334,delivered
424,157,424,20260418,95,98,4,4.0,3,3,2380.96,1666.67,7142.88,5000.01,2142.87,812.6333333333333,6230.193333333334,delivered
425,158,425,20260304,80,3,4,5.0,3,2,2399.21,1679.45,4798.42,3358.9,1439.52,441.34,3383.603333333333,delivered
426,158,426,20260304,80,170,4,5.0,3,1,3022.01,2115.41,3022.01,2115.41,906.6000000000004,441.34,3383.603333333333,delivered
427,158,427,20260304,80,55,4,5.0,3,1,1006.36,704.45,1006.36,704.45,301.90999999999997,441.34,3383.603333333333,delivered
428,159,428,20260122,11,22,1,,1,1,2548.3,1783.81,2548.3,1783.81,764.4900000000002,482.6025,3699.96,cancelled
429,159,429,20260122,11,65,1,,1,3,1714.79,1200.35,5144.37,3601.0499999999997,1543.3200000000002,482.6025,3699.96,cancelled
430,159,430,20260122,11,189,1,,1,2,2014.82,1410.37,4029.64,2820.74,1208.9,482.6025,3699.96,cancelled
431,159,431,20260122,11,43,1,,1,2,573.56,401.49,1147.12,802.98,344.1399999999999,482.6025,3699.96,cancelled
432,160,432,20260401,61,25,3,3.0,2,1,1844.07,1290.85,1844.07,1290.85,553.22,463.475,3553.305,paid
433,160,433,20260401,61,80,3,3.0,2,1,2394.57,1676.2,2394.57,1676.2,718.3700000000001,463.475,3553.305,paid
434,160,434,20260401,61,186,3,3.0,2,1,3522.36,2465.65,3522.36,2465.65,1056.71,463.475,3553.305,paid
435,160,435,20260401,61,109,3,3.0,2,2,2299.16,1609.41,4598.32,3218.82,1379.4999999999995,463.475,3553.305,paid
436,161,436,20260120,133,100,2,,3,2,2883.2,2018.24,5766.4,4036.48,1729.9199999999996,778.98,5972.1775,cancelled
437,161,437,20260120,133,217,2,,3,1,2223.47,1556.43,2223.47,1556.43,667.0399999999997,778.98,5972.1775,cancelled
438,161,438,20260120,133,234,2,,3,1,1205.89,844.12,1205.89,844.12,361.7700000000001,778.98,5972.1775,cancelled
439,161,439,20260120,133,105,2,,3,3,3859.01,2701.31,11577.03,8103.93,3473.1000000000004,778.98,5972.1775,cancelled
440,162,440,20260131,102,108,4,4.0,2,3,3253.63,2277.54,9760.89,6832.62,2928.2699999999995,680.37,5216.17,paid
441,162,441,20260131,102,165,4,4.0,2,2,2174.78,1522.35,4349.56,3044.7,1304.8600000000006,680.37,5216.17,paid
442,162,442,20260131,102,72,4,4.0,2,3,403.49,282.44,1210.47,847.3199999999999,363.1500000000001,680.37,5216.17,paid
443,162,443,20260131,102,154,4,4.0,2,3,940.76,658.53,2822.2799999999997,1975.59,846.6899999999998,680.37,5216.17,paid
444,163,444,20260121,114,29,2,2.0,2,2,1321.03,924.72,2642.06,1849.44,792.6199999999999,222.41333333333333,1705.17,shipped
445,163,445,20260121,114,58,2,2.0,2,2,805.84,564.09,1611.68,1128.18,483.5,222.41333333333333,1705.17,shipped
446,163,446,20260121,114,206,2,2.0,2,1,194.53,136.17,194.53,136.17,58.360000000000014,222.41333333333333,1705.17,shipped
447,164,447,20260410,27,106,2,,2,2,1253.49,877.44,2506.98,1754.88,752.0999999999999,503.565,3860.67,pending
448,164,448,20260410,27,127,2,,2,2,650.94,455.66,1301.88,911.32,390.56000000000006,503.565,3860.67,pending
449,164,449,20260410,27,200,2,,2,3,836.44,585.51,2509.32,1756.53,752.7900000000002,503.565,3860.67,pending
450,164,450,20260410,27,94,2,,2,3,2370.08,1659.06,7110.24,4977.18,2133.0599999999995,503.565,3860.67,pending
451,165,451,20260326,65,52,2,2.0,3,3,435.01,304.51,1305.03,913.53,391.5,622.405,4771.76,shipped
452,165,452,20260326,65,121,2,2.0,3,2,3496.84,2447.79,6993.68,4895.58,2098.1000000000004,622.405,4771.76,shipped
453,166,453,20260224,54,23,1,,2,1,3376.91,2363.84,3376.91,2363.84,1013.0699999999997,734.2466666666666,5629.216666666667,pending
454,166,454,20260224,54,11,1,,2,3,2995.82,2097.07,8987.460000000001,6291.210000000001,2696.25,734.2466666666666,5629.216666666667,pending
455,166,455,20260224,54,68,1,,2,2,1160.27,812.19,2320.54,1624.38,696.1599999999999,734.2466666666666,5629.216666666667,pending
456,167,456,20260304,110,119,3,,2,1,505.85,354.09,505.85,354.09,151.76000000000005,75.88,581.73,cancelled
457,168,457,20260409,149,182,2,,3,1,3892.02,2724.41,3892.02,2724.41,1167.6100000000001,436.215,3344.325,cancelled
458,168,458,20260409,149,170,2,,3,1,1924.2,1346.94,1924.2,1346.94,577.26,436.215,3344.325,cancelled
459,169,459,20260405,27,160,3,,2,2,971.5,680.05,1943.0,1360.1,582.9000000000001,392.53999999999996,3009.476666666667,pending
460,169,460,20260405,27,5,3,,2,2,2093.74,1465.62,4187.48,2931.24,1256.2399999999998,392.53999999999996,3009.476666666667,pending
461,169,461,20260405,27,222,3,,2,1,1720.33,1204.23,1720.33,1204.23,516.0999999999999,392.53999999999996,3009.476666666667,pending
462,170,462,20260219,147,149,2,3.0,3,1,2470.03,1729.02,2470.03,1729.02,741.0100000000002,537.5066666666667,4120.876666666666,paid
463,170,463,20260219,147,167,2,3.0,3,2,3997.3,2798.11,7994.6,5596.22,2398.38,537.5066666666667,4120.876666666666,paid
464,170,464,20260219,147,31,2,3.0,3,2,142.74,99.92,285.48,199.84,85.64000000000001,537.5066666666667,4120.876666666666,paid
465,171,465,20260308,87,153,2,,1,3,2115.96,1481.17,6347.88,4443.51,1904.37,952.18,7300.06,cancelled
466,172,466,20260120,89,123,2,1.0,3,1,3592.36,2514.65,3592.36,2514.65,1077.71,799.295,6127.925,shipped
467,172,467,20260120,89,106,2,1.0,3,2,3532.45,2472.71,7064.9,4945.42,2119.4799999999996,799.295,6127.925,shipped
468,173,468,20260326,37,14,1,,2,3,1399.71,979.8,4199.13,2939.3999999999996,1259.7300000000005,344.59666666666664,2641.9,pending
469,173,469,20260326,37,130,1,,2,1,1216.69,851.68,1216.69,851.68,365.0100000000001,344.59666666666664,2641.9,pending
470,173,470,20260326,37,114,1,,2,1,1476.09,1033.26,1476.09,1033.26,442.8299999999999,344.59666666666664,2641.9,pending
471,174,471,20260327,91,239,3,3.0,3,1,2475.35,1732.74,2475.35,1732.74,742.6099999999999,872.655,6690.355,paid
472,174,472,20260327,91,101,3,3.0,3,3,3053.35,2137.34,9160.05,6412.02,2748.029999999999,872.655,6690.355,paid
473,175,473,20260127,23,83,3,1.0,2,3,915.65,640.95,2746.95,1922.8500000000001,824.0999999999997,322.92,2475.73,delivered
474,175,474,20260127,23,61,3,1.0,2,1,2498.82,1749.17,2498.82,1749.17,749.6500000000001,322.92,2475.73,delivered
475,175,475,20260127,23,186,3,1.0,2,2,606.33,424.43,1212.66,848.86,363.80000000000007,322.92,2475.73,delivered
476,176,476,20260210,147,220,4,,3,2,303.03,212.12,606.06,424.24,181.81999999999994,697.04,5343.9675,cancelled
477,176,477,20260210,147,108,4,,3,1,3381.63,2367.14,3381.63,2367.14,1014.4900000000002,697.04,5343.9675,cancelled
478,176,478,20260210,147,247,4,,3,3,3717.23,2602.06,11151.69,7806.18,3345.51,697.04,5343.9675,cancelled
479,176,479,20260210,147,157,4,,3,1,3448.33,2413.83,3448.33,2413.83,1034.5,697.04,5343.9675,cancelled
480,177,480,20260320,96,94,3,,1,2,1373.96,961.77,2747.92,1923.54,824.3800000000001,716.66,5494.3925,pending
481,177,481,20260320,96,162,3,,1,2,1230.69,861.48,2461.38,1722.96,738.4200000000001,716.66,5494.3925,pending
482,177,482,20260320,96,246,3,,1,1,1943.72,1360.6,1943.72,1360.6,583.1200000000001,716.66,5494.3925,pending
483,177,483,20260320,96,219,3,,1,3,3985.97,2790.18,11957.91,8370.539999999999,3587.370000000001,716.66,5494.3925,pending
484,178,484,20260403,147,161,3,3.0,3,2,1165.64,815.95,2331.28,1631.9,699.3800000000001,349.69,2680.97,shipped
485,179,485,20260401,95,107,4,,2,3,2194.25,1535.97,6582.75,4607.91,1974.8400000000001,788.58,6045.765,pending
486,179,486,20260401,95,47,4,,2,2,1965.81,1376.07,3931.62,2752.14,1179.48,788.58,6045.765,pending
487,180,487,20260123,147,198,2,5.0,3,1,214.94,150.46,214.94,150.46,64.47999999999999,516.95,3963.29,delivered
488,180,488,20260123,147,64,2,5.0,3,2,3338.87,2337.21,6677.74,4674.42,2003.3199999999997,516.95,3963.29,delivered
489,181,489,20260203,39,20,1,5.0,1,1,616.34,431.44,616.34,431.44,184.90000000000003,919.6366666666667,7050.543333333334,paid
490,181,490,20260203,39,187,1,5.0,1,3,3930.13,2751.09,11790.39,8253.27,3537.119999999999,919.6366666666667,7050.543333333334,paid
491,181,491,20260203,39,230,1,5.0,1,3,1995.33,1396.73,5985.99,4190.1900000000005,1795.7999999999993,919.6366666666667,7050.543333333334,paid
492,182,492,20260327,40,33,2,1.0,2,3,2060.66,1442.46,6181.98,4327.38,1854.5999999999995,681.0925,5221.71,delivered
493,182,493,20260327,40,16,2,1.0,2,1,1249.14,874.4,1249.14,874.4,374.7400000000001,681.0925,5221.71,delivered
494,182,494,20260327,40,90,2,1.0,2,1,3786.53,2650.57,3786.53,2650.57,1135.96,681.0925,5221.71,delivered
495,182,495,20260327,40,178,2,1.0,2,2,3472.41,2430.69,6944.82,4861.38,2083.4399999999996,681.0925,5221.71,delivered
496,183,496,20260216,68,169,4,,3,3,789.53,552.67,2368.59,1658.0099999999998,710.5800000000004,383.145,2937.44,cancelled
497,183,497,20260216,68,170,4,,3,1,3132.37,2192.66,3132.37,2192.66,939.71,383.145,2937.44,cancelled
498,183,498,20260216,68,90,4,,3,1,1026.36,718.45,1026.36,718.45,307.90999999999985,383.145,2937.44,cancelled
499,183,499,20260216,68,18,4,,3,1,3689.86,2582.9,3689.86,2582.9,1106.96,383.145,2937.44,cancelled
500,184,500,20260122,67,40,2,4.0,2,3,2815.38,1970.77,8446.14,5912.3099999999995,2533.83,532.0025,4078.685,paid
501,184,501,20260122,67,165,2,4.0,2,2,653.1,457.17,1306.2,914.34,391.86,532.0025,4078.685,paid
502,184,502,20260122,67,43,2,4.0,2,1,2901.42,2030.99,2901.42,2030.99,870.4300000000001,532.0025,4078.685,paid
503,184,503,20260122,67,230,2,4.0,2,3,510.99,357.69,1532.97,1073.07,459.9000000000001,532.0025,4078.685,paid
504,185,504,20260419,11,72,4,,1,1,218.46,152.92,218.46,152.92,65.54000000000002,32.77,251.23,pending
505,186,505,20260413,27,192,4,,1,3,1058.61,741.03,3175.83,2223.09,952.7399999999998,476.37,3652.2,pending
506,187,506,20260418,131,40,3,,2,2,565.17,395.62,1130.34,791.24,339.0999999999999,443.39,3399.3175,cancelled
507,187,507,20260418,131,234,3,,2,1,1234.46,864.12,1234.46,864.12,370.34000000000003,443.39,3399.3175,cancelled
508,187,508,20260418,131,176,3,,2,3,1783.88,1248.72,5351.64,3746.16,1605.4800000000005,443.39,3399.3175,cancelled
509,187,509,20260418,131,220,3,,2,3,1369.09,958.36,4107.2699999999995,2875.08,1232.1899999999996,443.39,3399.3175,cancelled
510,188,510,20260319,68,165,4,1.0,1,2,2774.1,1941.87,5548.2,3883.74,1664.46,414.9225,3181.08,shipped
511,188,511,20260319,68,175,4,1.0,1,1,2132.95,1493.06,2132.95,1493.06,639.8899999999999,414.9225,3181.08,shipped
512,188,512,20260319,68,142,4,1.0,1,2,870.68,609.48,1741.36,1218.96,522.3999999999999,414.9225,3181.08,shipped
513,188,513,20260319,68,65,4,1.0,1,1,1642.12,1149.48,1642.12,1149.48,492.6399999999999,414.9225,3181.08,shipped
514,189,514,20260228,84,108,4,4.0,1,1,1321.09,924.76,1321.09,924.76,396.3299999999999,303.5725,2327.3875,paid
515,189,515,20260228,84,65,4,4.0,1,1,640.77,448.54,640.77,448.54,192.22999999999996,303.5725,2327.3875,paid
516,189,516,20260228,84,8,4,4.0,1,1,1178.96,825.27,1178.96,825.27,353.69000000000005,303.5725,2327.3875,paid
517,189,517,20260228,84,82,4,4.0,1,3,1651.48,1156.04,4954.4400000000005,3468.12,1486.3200000000006,303.5725,2327.3875,paid
518,190,518,20260306,113,148,3,4.0,1,2,437.37,306.16,874.74,612.32,262.41999999999996,529.5275,4059.7025,delivered
519,190,519,20260306,113,23,3,4.0,1,3,235.26,164.68,705.78,494.04,211.73999999999995,529.5275,4059.7025,delivered
520,190,520,20260306,113,143,3,4.0,1,3,1660.28,1162.2,4980.84,3486.6000000000004,1494.2399999999998,529.5275,4059.7025,delivered
521,190,521,20260306,113,222,3,4.0,1,3,2519.78,1763.85,7559.34,5291.549999999999,2267.790000000001,529.5275,4059.7025,delivered
522,191,522,20260305,102,90,1,,3,1,935.01,654.51,935.01,654.51,280.5,484.155,3711.87,cancelled
523,191,523,20260305,102,124,1,,3,2,2760.21,1932.15,5520.42,3864.3,1656.12,484.155,3711.87,cancelled
524,192,524,20260405,25,14,1,,2,1,1602.83,1121.98,1602.83,1121.98,480.8499999999999,385.6933333333333,2956.986666666666,cancelled
525,192,525,20260405,25,130,1,,2,3,1919.96,1343.97,5759.88,4031.91,1727.9700000000003,385.6933333333333,2956.986666666666,cancelled
526,192,526,20260405,25,44,1,,2,1,351.17,245.82,351.17,245.82,105.35000000000002,385.6933333333333,2956.986666666666,cancelled
527,193,527,20260204,58,190,2,,1,2,3237.66,2266.36,6475.32,4532.72,1942.5999999999995,971.3,7446.62,cancelled
528,194,528,20260221,23,169,4,,1,3,792.13,554.49,2376.39,1663.47,712.9199999999998,231.08,1771.61,pending
529,194,529,20260221,23,187,4,,1,3,234.89,164.42,704.67,493.26,211.40999999999997,231.08,1771.61,pending
530,195,530,20260401,25,123,1,,3,2,3194.37,2236.06,6388.74,4472.12,1916.62,958.31,7347.05,cancelled
531,196,531,20260130,31,238,3,1.0,2,3,1876.79,1313.75,5630.37,3941.25,1689.12,844.56,6474.93,paid
532,197,532,20260324,147,219,2,,2,3,3601.05,2520.74,10803.150000000001,7562.219999999999,3240.930000000002,1620.47,12423.62,cancelled
533,198,533,20260303,108,42,2,2.0,1,3,604.7,423.29,1814.1000000000001,1269.8700000000001,544.23,384.665,2949.085,shipped
534,198,534,20260303,108,100,2,2.0,1,2,1657.37,1160.16,3314.74,2320.32,994.4199999999996,384.665,2949.085,shipped
535,199,535,20260217,30,79,1,2.0,3,3,1796.44,1257.51,5389.32,3772.5299999999997,1616.79,1002.865,7688.635,paid
536,199,536,20260217,30,106,1,2.0,3,2,3991.11,2793.78,7982.22,5587.56,2394.66,1002.865,7688.635,paid
537,200,537,20260209,107,176,1,5.0,2,2,2711.13,1897.79,5422.26,3795.58,1626.6800000000003,951.29,7293.22,shipped
538,200,538,20260209,107,187,1,5.0,2,2,3630.8,2541.56,7261.6,5083.12,2178.4800000000005,951.29,7293.22,shipped
539,201,539,20260120,76,206,1,1.0,3,2,2011.69,1408.18,4023.38,2816.36,1207.02,598.2975,4586.95,paid
540,201,540,20260120,76,97,1,1.0,3,2,3424.03,2396.82,6848.06,4793.64,2054.42,598.2975,4586.95,paid
541,201,541,20260120,76,149,1,1.0,3,1,3525.75,2468.02,3525.75,2468.02,1057.73,598.2975,4586.95,paid
542,201,542,20260120,76,14,1,1.0,3,3,519.14,363.4,1557.42,1090.1999999999998,467.22000000000025,598.2975,4586.95,paid
543,202,543,20260223,109,12,1,2.0,2,3,1678.03,1174.62,5034.09,3523.8599999999997,1510.2300000000005,755.11,5789.2,shipped
544,203,544,20260303,13,189,4,4.0,1,2,126.48,88.54,252.96,177.08,75.88,932.0100000000001,7145.41,delivered
545,203,545,20260303,13,56,4,4.0,1,3,3143.33,2200.33,9429.99,6600.99,2829.0,932.0100000000001,7145.41,delivered
546,203,546,20260303,13,129,4,4.0,1,3,2985.75,2090.03,8957.25,6270.09,2687.16,932.0100000000001,7145.41,delivered
547,204,547,20260330,36,75,4,2.0,2,1,3483.44,2438.41,3483.44,2438.41,1045.0300000000002,287.83,2206.7066666666665,paid
548,204,548,20260330,36,37,4,2.0,2,1,109.47,76.63,109.47,76.63,32.84,287.83,2206.7066666666665,paid
549,204,549,20260330,36,200,4,2.0,2,3,721.24,504.87,2163.7200000000003,1514.6100000000001,649.1100000000001,287.83,2206.7066666666665,paid
550,205,550,20260122,7,107,2,2.0,2,3,3271.69,2290.18,9815.07,6870.539999999999,2944.5300000000007,647.4975,4964.1425,paid
551,205,551,20260122,7,58,2,2.0,2,3,696.75,487.72,2090.25,1463.16,627.0899999999999,647.4975,4964.1425,paid
552,205,552,20260122,7,224,2,2.0,2,1,3217.52,2252.26,3217.52,2252.26,965.2599999999998,647.4975,4964.1425,paid
553,205,553,20260122,7,60,2,2.0,2,2,1071.87,750.31,2143.74,1500.62,643.1199999999999,647.4975,4964.1425,paid
554,206,554,20260302,39,242,2,4.0,3,3,1177.35,824.14,3532.0499999999997,2472.42,1059.6299999999997,691.05,5298.045,shipped
555,206,555,20260302,39,20,2,4.0,3,3,2687.67,1881.37,8063.01,5644.11,2418.9000000000005,691.05,5298.045,shipped
556,206,556,20260302,39,176,2,4.0,3,1,3027.6,2119.32,3027.6,2119.32,908.2799999999997,691.05,5298.045,shipped
557,206,557,20260302,39,41,2,4.0,3,2,1902.66,1331.86,3805.32,2663.72,1141.6000000000004,691.05,5298.045,shipped
558,207,558,20260211,125,68,2,,2,2,3746.22,2622.35,7492.44,5244.7,2247.74,724.63,5555.496666666667,pending
559,207,559,20260211,125,206,2,,2,2,2967.89,2077.52,5935.78,4155.04,1780.7399999999998,724.63,5555.496666666667,pending
560,207,560,20260211,125,112,2,,2,1,1064.38,745.07,1064.38,745.07,319.31000000000006,724.63,5555.496666666667,pending
561,208,561,20260207,116,207,3,5.0,1,2,1524.58,1067.21,3049.16,2134.42,914.7399999999998,768.2625,5890.0075,delivered
562,208,562,20260207,116,128,3,5.0,1,3,2363.64,1654.55,7090.92,4963.65,2127.2700000000004,768.2625,5890.0075,delivered
563,208,563,20260207,116,78,3,5.0,1,3,2881.42,2016.99,8644.26,6050.97,2593.29,768.2625,5890.0075,delivered
564,208,564,20260207,116,112,3,5.0,1,2,851.32,595.92,1702.64,1191.84,510.8000000000002,768.2625,5890.0075,delivered
565,209,565,20260331,114,245,3,,1,3,905.48,633.84,2716.44,1901.52,814.9200000000001,494.045,3787.67,cancelled
566,209,566,20260331,114,23,3,,1,2,3173.34,2221.34,6346.68,4442.68,1904.0,494.045,3787.67,cancelled
567,209,567,20260331,114,4,3,,1,2,1430.98,1001.69,2861.96,2003.38,858.5799999999999,494.045,3787.67,cancelled
568,209,568,20260331,114,207,3,,1,1,1249.42,874.59,1249.42,874.59,374.83000000000004,494.045,3787.67,cancelled
569,210,569,20260327,109,14,2,1.0,1,1,2826.22,1978.35,2826.22,1978.35,847.8699999999999,805.255,6173.6175,delivered
570,210,570,20260327,109,93,2,1.0,1,1,178.94,125.26,178.94,125.26,53.67999999999999,805.255,6173.6175,delivered
571,210,571,20260327,109,126,2,1.0,1,3,3660.85,2562.59,10982.55,7687.77,3294.779999999999,805.255,6173.6175,delivered
572,210,572,20260327,109,234,2,1.0,1,2,3742.87,2620.01,7485.74,5240.02,2245.7199999999993,805.255,6173.6175,delivered
573,211,573,20260323,63,126,4,4.0,2,3,2809.59,1966.71,8428.77,5900.13,2528.6400000000003,927.2866666666667,7109.186666666667,paid
574,211,574,20260323,63,25,4,4.0,2,3,3019.65,2113.76,9058.95,6341.280000000001,2717.67,927.2866666666667,7109.186666666667,paid
575,211,575,20260323,63,239,4,4.0,2,3,352.66,246.86,1057.98,740.58,317.4,927.2866666666667,7109.186666666667,paid
576,212,576,20260417,96,1,4,3.0,2,1,827.0,578.9,827.0,578.9,248.10000000000002,124.05,951.05,delivered
577,213,577,20260305,121,76,3,,3,3,2484.96,1739.47,7454.88,5218.41,2236.4700000000003,1118.23,8573.11,cancelled
578,214,578,20260128,57,80,4,1.0,2,1,2707.52,1895.26,2707.52,1895.26,812.26,360.96,2767.36,delivered
579,214,579,20260128,57,225,4,1.0,2,3,701.76,491.23,2105.2799999999997,1473.69,631.5899999999997,360.96,2767.36,delivered
580,215,580,20260315,129,206,3,,3,2,1487.84,1041.49,2975.68,2082.98,892.6999999999998,446.35,3422.03,pending
581,216,581,20260218,10,240,1,,2,1,1106.08,774.26,1106.08,774.26,331.81999999999994,662.29,5077.55,pending
582,216,582,20260218,10,198,1,,2,2,3862.22,2703.55,7724.44,5407.1,2317.3399999999992,662.29,5077.55,pending
583,217,583,20260309,57,75,3,,3,3,1634.3,1144.01,4902.9,3432.0299999999997,1470.87,551.0275,4224.545,pending
584,217,584,20260309,57,116,3,,3,1,2003.94,1402.76,2003.94,1402.76,601.1800000000001,551.0275,4224.545,pending
585,217,585,20260309,57,133,3,,3,1,2722.48,1905.74,2722.48,1905.74,816.74,551.0275,4224.545,pending
586,217,586,20260309,57,109,3,,3,3,1688.25,1181.77,5064.75,3545.31,1519.44,551.0275,4224.545,pending
587,218,587,20260412,111,224,3,2.0,1,3,2385.9,1670.13,7157.700000000001,5010.39,2147.3100000000004,1048.11,8035.5,delivered
588,218,588,20260412,111,60,3,2.0,1,3,2272.36,1590.65,6817.08,4771.950000000001,2045.1299999999992,1048.11,8035.5,delivered
589,219,589,20260202,48,145,2,,2,2,2303.89,1612.72,4607.78,3225.44,1382.3399999999997,342.0525,2622.395,cancelled
590,219,590,20260202,48,70,2,,2,2,376.12,263.28,752.24,526.56,225.68000000000006,342.0525,2622.395,cancelled
591,219,591,20260202,48,175,2,,2,1,2011.78,1408.25,2011.78,1408.25,603.53,342.0525,2622.395,cancelled
592,219,592,20260202,48,115,2,,2,1,1749.57,1224.7,1749.57,1224.7,524.8699999999999,342.0525,2622.395,cancelled
593,220,593,20260228,51,115,3,5.0,2,2,3710.63,2597.44,7421.26,5194.88,2226.38,662.24,5077.19,paid
594,220,594,20260228,51,220,3,5.0,2,2,704.32,493.02,1408.64,986.04,422.60000000000014,662.24,5077.19,paid
595,221,595,20260304,119,120,4,1.0,2,2,1956.84,1369.79,3913.68,2739.58,1174.1,546.05,4186.38,paid
596,221,596,20260304,119,97,4,1.0,2,2,1683.49,1178.44,3366.98,2356.88,1010.0999999999999,546.05,4186.38,paid
597,222,597,20260405,143,127,3,,1,1,216.95,151.86,216.95,151.86,65.08999999999997,32.54,249.49,pending
598,223,598,20260405,30,65,4,5.0,2,1,3297.66,2308.36,3297.66,2308.36,989.2999999999997,768.7766666666666,5893.956666666666,shipped
599,223,599,20260405,30,193,4,5.0,2,3,2414.1,1689.87,7242.299999999999,5069.61,2172.6899999999996,768.7766666666666,5893.956666666666,shipped
600,223,600,20260405,30,91,4,5.0,2,3,1611.86,1128.3,4835.58,3384.8999999999996,1450.6800000000003,768.7766666666666,5893.956666666666,shipped
601,224,601,20260217,82,188,2,,2,3,2852.2,1996.54,8556.599999999999,5989.62,2566.9799999999987,707.53,5424.41,pending
602,224,602,20260217,82,10,2,,2,1,877.16,614.01,877.16,614.01,263.15,707.53,5424.41,pending
603,225,603,20260120,118,149,1,4.0,2,1,802.77,561.94,802.77,561.94,240.82999999999993,568.91,4361.655,delivered
604,225,604,20260120,118,143,1,4.0,2,2,3391.36,2373.95,6782.72,4747.9,2034.8200000000006,568.91,4361.655,delivered
605,226,605,20260120,3,222,2,3.0,1,3,2411.74,1688.22,7235.219999999999,5064.66,2170.5599999999995,597.655,4582.015,paid
606,226,606,20260120,3,18,2,3.0,1,1,733.5,513.45,733.5,513.45,220.04999999999995,597.655,4582.015,paid
607,227,607,20260323,19,48,1,,2,2,1117.46,782.22,2234.92,1564.44,670.48,854.535,6551.4375,pending
608,227,608,20260323,19,126,1,,2,3,3856.69,2699.68,11570.07,8099.039999999999,3471.0300000000007,854.535,6551.4375,pending
609,227,609,20260323,19,39,1,,2,2,3623.39,2536.37,7246.78,5072.74,2174.04,854.535,6551.4375,pending
610,227,610,20260323,19,18,1,,2,2,867.92,607.54,1735.84,1215.08,520.76,854.535,6551.4375,pending
611,228,611,20260217,34,33,3,,1,2,443.34,310.34,886.68,620.68,266.0,156.695,1201.315,pending
612,228,612,20260217,34,133,3,,1,1,1202.56,841.79,1202.56,841.79,360.77,156.695,1201.315,pending
613,229,613,20260315,84,76,3,,3,1,2343.73,1640.61,2343.73,1640.61,703.1200000000001,735.42,5638.2225,pending
614,229,614,20260315,84,42,3,,3,2,2721.7,1905.19,5443.4,3810.38,1633.0199999999995,735.42,5638.2225,pending
615,229,615,20260315,84,66,3,,3,3,2859.66,2001.76,8578.98,6005.28,2573.7,735.42,5638.2225,pending
616,229,616,20260315,84,141,3,,3,2,1622.55,1135.78,3245.1,2271.56,973.54,735.42,5638.2225,pending
617,230,617,20260314,59,77,3,,2,3,3613.75,2529.62,10841.25,7588.86,3252.3900000000003,854.81,6553.545,pending
618,230,618,20260314,59,131,3,,2,1,2706.86,1894.8,2706.86,1894.8,812.0600000000002,854.81,6553.545,pending
619,230,619,20260314,59,38,3,,2,2,3579.4,2505.58,7158.8,5011.16,2147.6400000000003,854.81,6553.545,pending
620,230,620,20260314,59,97,3,,2,3,696.01,487.21,2088.0299999999997,1461.6299999999999,626.3999999999999,854.81,6553.545,pending
621,231,621,20260210,48,189,4,2.0,3,1,302.88,212.02,302.88,212.02,90.85999999999999,667.385,5116.61,delivered
622,231,622,20260210,48,178,4,2.0,3,3,2865.19,2005.63,8595.57,6016.89,2578.6799999999994,667.385,5116.61,delivered
623,232,623,20260408,149,32,1,,2,3,1041.62,729.13,3124.8599999999997,2187.39,937.4699999999998,674.35,5170.01,cancelled
624,232,624,20260408,149,157,1,,2,2,2933.23,2053.26,5866.46,4106.52,1759.9399999999996,674.35,5170.01,cancelled
625,233,625,20260206,6,83,3,5.0,2,3,309.28,216.5,927.8399999999999,649.5,278.3399999999999,350.70666666666665,2688.7599999999998,paid
626,233,626,20260206,6,58,3,5.0,2,2,2077.4,1454.18,4154.8,2908.36,1246.44,350.70666666666665,2688.7599999999998,paid
627,233,627,20260206,6,17,3,5.0,2,2,965.76,676.03,1931.52,1352.06,579.46,350.70666666666665,2688.7599999999998,paid
628,234,628,20260310,121,22,2,,1,2,3345.4,2341.78,6690.8,4683.56,2007.2399999999998,580.225,4448.39,pending
629,234,629,20260310,121,91,2,,1,3,348.51,243.96,1045.53,731.88,313.65,580.225,4448.39,pending
630,235,630,20260409,44,250,1,,1,2,3732.32,2612.62,7464.64,5225.24,2239.4000000000005,542.5675,4159.6775,pending
631,235,631,20260409,44,223,1,,1,1,618.09,432.66,618.09,432.66,185.43,542.5675,4159.6775,pending
632,235,632,20260409,44,142,1,,1,2,2636.53,1845.57,5273.06,3691.14,1581.9200000000005,542.5675,4159.6775,pending
633,235,633,20260409,44,227,1,,1,1,1112.65,778.86,1112.65,778.86,333.7900000000001,542.5675,4159.6775,pending
634,236,634,20260315,48,69,2,,3,3,3249.06,2274.34,9747.18,6823.02,2924.16,992.2033333333334,7606.886666666666,pending
635,236,635,20260315,48,153,2,,3,2,1531.88,1072.32,3063.76,2144.64,919.1200000000003,992.2033333333334,7606.886666666666,pending
636,236,636,20260315,48,248,2,,3,3,2344.37,1641.06,7033.11,4923.18,2109.9299999999994,992.2033333333334,7606.886666666666,pending
637,237,637,20260222,128,30,4,,1,1,2202.42,1541.69,2202.42,1541.69,660.73,256.63666666666666,1967.54,pending
638,237,638,20260222,128,182,4,,1,1,1552.33,1086.63,1552.33,1086.63,465.6999999999998,256.63666666666666,1967.54,pending
639,237,639,20260222,128,14,4,,1,1,1377.96,964.57,1377.96,964.57,413.39,256.63666666666666,1967.54,pending
640,238,640,20260309,137,8,1,,2,1,639.96,447.97,639.96,447.97,191.99,786.9166666666666,6033.02,cancelled
641,238,641,20260309,137,137,1,,2,1,3205.69,2243.98,3205.69,2243.98,961.71,786.9166666666666,6033.02,cancelled
642,238,642,20260309,137,82,1,,2,3,3964.22,2774.95,11892.66,8324.849999999999,3567.8100000000013,786.9166666666666,6033.02,cancelled
643,239,643,20260309,135,232,4,,3,1,1309.66,916.76,1309.66,916.76,392.9000000000001,422.6725,3240.4975,pending
644,239,644,20260309,135,215,4,,3,2,2376.4,1663.48,4752.8,3326.96,1425.8400000000001,422.6725,3240.4975,pending
645,239,645,20260309,135,214,4,,3,1,2426.69,1698.68,2426.69,1698.68,728.01,422.6725,3240.4975,pending
646,239,646,20260309,135,123,4,,3,1,2782.15,1947.5,2782.15,1947.5,834.6500000000001,422.6725,3240.4975,pending
647,240,647,20260215,76,211,2,5.0,2,2,3508.04,2455.63,7016.08,4911.26,2104.8199999999997,1052.41,8068.49,paid
648,241,648,20260204,73,180,2,,3,3,3435.08,2404.56,10305.24,7213.68,3091.5599999999995,751.7025,5763.0475,cancelled
649,241,649,20260204,73,171,2,,3,2,2469.1,1728.37,4938.2,3456.74,1481.46,751.7025,5763.0475,cancelled
650,241,650,20260204,73,131,2,,3,2,571.89,400.32,1143.78,800.64,343.14,751.7025,5763.0475,cancelled
651,241,651,20260204,73,92,2,,3,1,3658.16,2560.71,3658.16,2560.71,1097.4499999999998,751.7025,5763.0475,cancelled
652,242,652,20260409,142,68,3,5.0,3,3,3929.32,2750.52,11787.960000000001,8251.56,3536.4000000000015,1102.185,8450.085,delivered
653,242,653,20260409,142,152,3,5.0,3,3,969.28,678.5,2907.84,2035.5,872.3400000000001,1102.185,8450.085,delivered
654,243,654,20260318,37,154,4,,2,2,1842.71,1289.9,3685.42,2579.8,1105.62,552.81,4238.23,cancelled
655,244,655,20260125,133,181,1,2.0,3,1,2622.26,1835.58,2622.26,1835.58,786.6800000000003,546.2725,4188.085,paid
656,244,656,20260125,133,22,1,2.0,3,3,2871.91,2010.34,8615.73,6031.0199999999995,2584.71,546.2725,4188.085,paid
657,244,657,20260125,133,166,1,2.0,3,1,3079.66,2155.76,3079.66,2155.76,923.8999999999996,546.2725,4188.085,paid
658,244,658,20260125,133,17,1,2.0,3,1,249.6,174.72,249.6,174.72,74.88,546.2725,4188.085,paid
659,245,659,20260314,97,50,3,,3,1,2527.7,1769.39,2527.7,1769.39,758.3099999999997,351.8125,2697.2275,cancelled
660,245,660,20260314,97,128,3,,3,1,745.15,521.6,745.15,521.6,223.54999999999995,351.8125,2697.2275,cancelled
661,245,661,20260314,97,135,3,,3,1,3416.95,2391.86,3416.95,2391.86,1025.0899999999997,351.8125,2697.2275,cancelled
662,245,662,20260314,97,171,3,,3,2,1345.93,942.15,2691.86,1884.3,807.5600000000002,351.8125,2697.2275,cancelled
663,246,663,20260217,33,220,2,4.0,3,1,541.79,379.25,541.79,379.25,162.53999999999996,73.92666666666666,566.7633333333333,delivered
664,246,664,20260217,33,98,2,4.0,3,2,351.02,245.71,702.04,491.42,210.61999999999995,73.92666666666666,566.7633333333333,delivered
665,246,665,20260217,33,229,2,4.0,3,2,117.34,82.14,234.68,164.28,70.4,73.92666666666666,566.7633333333333,delivered
666,247,666,20260309,69,116,1,1.0,3,1,695.73,487.01,695.73,487.01,208.72000000000003,104.36,800.09,delivered
667,248,667,20260417,23,21,1,2.0,2,3,1765.16,1235.61,5295.4800000000005,3706.83,1588.6500000000005,955.54,7325.8,delivered
668,248,668,20260417,23,172,1,2.0,2,2,3722.52,2605.76,7445.04,5211.52,2233.5199999999995,955.54,7325.8,delivered
669,249,669,20260218,119,165,4,1.0,3,2,771.21,539.85,1542.42,1079.7,462.72,201.695,1546.33,delivered
670,249,670,20260218,119,83,4,1.0,3,1,530.0,371.0,530.0,371.0,159.0,201.695,1546.33,delivered
671,249,671,20260218,119,84,4,1.0,3,1,2475.78,1733.05,2475.78,1733.05,742.7300000000002,201.695,1546.33,delivered
672,249,672,20260218,119,124,4,1.0,3,3,276.78,193.75,830.3399999999999,581.25,249.08999999999992,201.695,1546.33,delivered
673,250,673,20260226,72,83,2,2.0,1,1,864.85,605.39,864.85,605.39,259.46000000000004,160.075,1227.24,shipped
674,250,674,20260226,72,4,2,2.0,1,1,1269.48,888.64,1269.48,888.64,380.84000000000003,160.075,1227.24,shipped
675,251,675,20260328,86,239,3,,1,2,2570.77,1799.54,5141.54,3599.08,1542.46,699.08,5359.63,pending
676,251,676,20260328,86,57,3,,1,2,2089.78,1462.85,4179.56,2925.7,1253.8600000000006,699.08,5359.63,pending
677,252,677,20260129,122,119,2,,2,3,3256.66,2279.66,9769.98,6838.98,2931.0,1216.4066666666665,9325.783333333333,pending
678,252,678,20260129,122,234,2,,2,3,3252.97,2277.08,9758.91,6831.24,2927.67,1216.4066666666665,9325.783333333333,pending
679,252,679,20260129,122,201,2,,2,2,2399.62,1679.73,4799.24,3359.46,1439.7799999999997,1216.4066666666665,9325.783333333333,pending
680,253,680,20260129,16,154,1,2.0,2,2,3808.28,2665.8,7616.56,5331.6,2284.96,567.8975,4353.8775,delivered
681,253,681,20260129,16,151,1,2.0,2,2,1785.56,1249.89,3571.12,2499.78,1071.3399999999997,567.8975,4353.8775,delivered
682,253,682,20260129,16,153,1,2.0,2,1,2852.6,1996.82,2852.6,1996.82,855.78,567.8975,4353.8775,delivered
683,253,683,20260129,16,210,1,2.0,2,1,1103.64,772.55,1103.64,772.55,331.09000000000015,567.8975,4353.8775,delivered
684,254,684,20260125,24,144,1,2.0,2,3,857.48,600.24,2572.44,1800.72,771.72,385.87,2958.31,paid
685,255,685,20260306,25,199,2,5.0,2,3,3903.28,2732.3,11709.84,8196.900000000001,3512.9399999999987,1756.48,13466.32,shipped
686,256,686,20260316,48,98,3,1.0,2,3,1358.86,951.2,4076.58,2853.6000000000004,1222.9799999999996,611.49,4688.07,paid
687,257,687,20260210,120,134,4,5.0,2,2,139.19,97.43,278.38,194.86,83.51999999999998,323.9375,2483.515,paid
688,257,688,20260210,120,157,4,5.0,2,1,1261.58,883.11,1261.58,883.11,378.4699999999999,323.9375,2483.515,paid
689,257,689,20260210,120,86,4,5.0,2,3,2143.95,1500.76,6431.849999999999,4502.28,1929.5699999999997,323.9375,2483.515,paid
690,257,690,20260210,120,222,4,5.0,2,2,333.25,233.27,666.5,466.54,199.95999999999998,323.9375,2483.515,paid
691,258,691,20260330,21,205,2,,2,1,2960.08,2072.06,2960.08,2072.06,888.02,1037.65,7955.31,pending
692,258,692,20260330,21,240,2,,2,3,3625.08,2537.56,10875.24,7612.68,3262.5599999999995,1037.65,7955.31,pending
693,259,693,20260226,147,173,3,,3,2,2461.36,1722.95,4922.72,3445.9,1476.8200000000002,793.04,6079.96,pending
694,259,694,20260226,147,9,3,,3,2,2825.56,1977.89,5651.12,3955.78,1695.3399999999997,793.04,6079.96,pending
695,260,695,20260320,10,152,4,3.0,1,2,2621.07,1834.75,5242.14,3669.5,1572.6400000000003,1000.5875,7671.175,delivered
696,260,696,20260320,10,202,4,3.0,1,3,3942.44,2759.71,11827.32,8279.130000000001,3548.1899999999987,1000.5875,7671.175,delivered
697,260,697,20260320,10,34,4,3.0,1,1,513.44,359.41,513.44,359.41,154.03000000000003,1000.5875,7671.175,delivered
698,260,698,20260320,10,31,4,3.0,1,3,3033.15,2123.2,9099.45,6369.599999999999,2729.8500000000013,1000.5875,7671.175,delivered
699,261,699,20260415,62,18,3,1.0,1,3,1272.45,890.72,3817.3500000000004,2672.16,1145.1900000000005,572.6,4389.95,shipped
700,262,700,20260308,78,93,1,5.0,2,3,1387.27,971.09,4161.8099999999995,2913.27,1248.5399999999995,763.915,5856.685,paid
701,262,701,20260308,78,112,1,5.0,2,3,3471.29,2429.9,10413.869999999999,7289.700000000001,3124.1699999999983,763.915,5856.685,paid
702,262,702,20260308,78,77,1,5.0,2,2,794.25,555.97,1588.5,1111.94,476.55999999999995,763.915,5856.685,paid
703,262,703,20260308,78,47,1,5.0,2,3,1402.3,981.61,4206.9,2944.83,1262.0699999999997,763.915,5856.685,paid
704,263,704,20260307,2,116,4,2.0,2,1,2499.58,1749.71,2499.58,1749.71,749.8699999999999,568.2775,4356.7925,paid
705,263,705,20260307,2,217,4,2.0,2,3,2327.7,1629.39,6983.099999999999,4888.17,2094.9299999999994,568.2775,4356.7925,paid
706,263,706,20260307,2,125,4,2.0,2,1,631.62,442.13,631.62,442.13,189.49,568.2775,4356.7925,paid
707,263,707,20260307,2,11,4,2.0,2,2,2519.88,1763.92,5039.76,3527.84,1511.92,568.2775,4356.7925,paid
708,264,708,20260131,46,57,4,,2,3,3861.27,2702.89,11583.81,8108.67,3475.1399999999994,759.9499999999999,5826.276666666668,pending
709,264,709,20260131,46,130,4,,2,1,2626.04,1838.23,2626.04,1838.23,787.81,759.9499999999999,5826.276666666668,pending
710,264,710,20260131,46,94,4,,2,1,989.13,692.39,989.13,692.39,296.74,759.9499999999999,5826.276666666668,pending
711,265,711,20260219,43,153,2,2.0,3,1,1236.18,865.33,1236.18,865.33,370.85,185.43,1421.61,delivered
712,266,712,20260317,46,15,4,4.0,1,3,3658.06,2560.64,10974.18,7681.92,3292.26,1388.045,10641.695,shipped
713,266,713,20260317,46,56,4,4.0,1,2,3766.56,2636.59,7533.12,5273.18,2259.9399999999996,1388.045,10641.695,shipped
714,267,714,20260329,82,46,1,1.0,3,1,2887.82,2021.47,2887.82,2021.47,866.3500000000001,433.17,3320.99,paid
715,268,715,20260221,78,102,2,,3,1,1663.38,1164.37,1663.38,1164.37,499.0100000000002,659.1733333333333,5053.653333333333,pending
716,268,716,20260221,78,197,2,,3,1,3865.76,2706.03,3865.76,2706.03,1159.73,659.1733333333333,5053.653333333333,pending
717,268,717,20260221,78,56,2,,3,2,3827.15,2679.01,7654.3,5358.02,2296.2799999999997,659.1733333333333,5053.653333333333,pending
718,269,718,20260327,36,222,4,,1,3,2677.96,1874.57,8033.88,5623.71,2410.17,530.5375,4067.45,pending
719,269,719,20260327,36,174,4,,1,2,1081.83,757.28,2163.66,1514.56,649.0999999999999,530.5375,4067.45,pending
720,269,720,20260327,36,213,4,,1,1,2833.69,1983.58,2833.69,1983.58,850.1100000000001,530.5375,4067.45,pending
721,269,721,20260327,36,166,4,,1,2,558.21,390.75,1116.42,781.5,334.9200000000001,530.5375,4067.45,pending
722,270,722,20260306,147,169,2,1.0,3,1,2827.27,1979.09,2827.27,1979.09,848.1800000000001,422.0333333333333,3235.58,paid
723,270,723,20260306,147,162,2,1.0,3,2,2318.76,1623.13,4637.52,3246.26,1391.2600000000002,422.0333333333333,3235.58,paid
724,270,724,20260306,147,206,2,1.0,3,1,975.85,683.1,975.85,683.1,292.75,422.0333333333333,3235.58,paid
725,271,725,20260204,104,76,1,4.0,3,1,1013.35,709.35,1013.35,709.35,304.0,485.0233333333333,3718.52,shipped
726,271,726,20260204,104,82,1,4.0,3,2,3944.86,2761.4,7889.72,5522.8,2366.92,485.0233333333333,3718.52,shipped
727,271,727,20260204,104,99,1,4.0,3,2,398.71,279.1,797.42,558.2,239.2199999999999,485.0233333333333,3718.52,shipped
728,272,728,20260403,86,210,3,,1,2,2195.59,1536.91,4391.18,3073.82,1317.3600000000001,619.0375,4745.955,cancelled
729,272,729,20260403,86,104,3,,1,3,1936.57,1355.6,5809.71,4066.7999999999997,1742.9100000000003,619.0375,4745.955,cancelled
730,272,730,20260403,86,158,3,,1,1,1908.16,1335.71,1908.16,1335.71,572.45,619.0375,4745.955,cancelled
731,272,731,20260403,86,136,3,,1,2,2199.31,1539.52,4398.62,3079.04,1319.58,619.0375,4745.955,cancelled
732,273,732,20260320,73,154,1,2.0,3,3,2606.8,1824.76,7820.400000000001,5474.28,2346.120000000001,738.9725,5665.4575,shipped
733,273,733,20260320,73,247,1,2.0,3,2,2723.32,1906.32,5446.64,3812.64,1634.0000000000005,738.9725,5665.4575,shipped
734,273,734,20260320,73,226,1,2.0,3,1,3580.42,2506.29,3580.42,2506.29,1074.13,738.9725,5665.4575,shipped
735,273,735,20260320,73,161,1,2.0,3,2,1429.24,1000.47,2858.48,2000.94,857.54,738.9725,5665.4575,shipped
736,274,736,20260126,84,202,4,,2,3,1385.78,970.05,4157.34,2910.1499999999996,1247.1900000000005,327.105,2507.805,pending
737,274,737,20260126,84,67,4,,2,1,561.48,393.04,561.48,393.04,168.44,327.105,2507.805,pending
738,274,738,20260126,84,100,4,,2,2,234.93,164.45,469.86,328.9,140.96000000000004,327.105,2507.805,pending
739,274,739,20260126,84,230,4,,2,3,1178.04,824.63,3534.12,2473.89,1060.23,327.105,2507.805,pending
740,275,740,20260321,58,250,1,,2,2,2937.61,2056.33,5875.22,4112.66,1762.5600000000004,625.7125,4797.135,pending
741,275,741,20260321,58,102,1,,2,3,2833.15,1983.2,8499.45,5949.6,2549.8500000000004,625.7125,4797.135,pending
742,275,742,20260321,58,88,1,,2,3,393.17,275.22,1179.51,825.6600000000001,353.8499999999999,625.7125,4797.135,pending
743,275,743,20260321,58,103,1,,2,3,377.17,264.02,1131.51,792.06,339.45000000000005,625.7125,4797.135,pending
744,276,744,20260219,37,180,3,2.0,1,2,1216.4,851.48,2432.8,1702.96,729.8400000000001,364.92,2797.72,shipped
745,277,745,20260302,83,145,3,,1,2,388.97,272.28,777.94,544.56,233.3800000000001,641.1333333333333,4915.346666666667,pending
746,277,746,20260302,83,227,3,,1,2,3091.72,2164.2,6183.44,4328.4,1855.04,641.1333333333333,4915.346666666667,pending
747,277,747,20260302,83,17,3,,1,2,2930.63,2051.44,5861.26,4102.88,1758.38,641.1333333333333,4915.346666666667,pending
748,278,748,20260223,60,56,3,4.0,1,2,2418.17,1692.72,4836.34,3385.44,1450.9,766.77,5878.565,paid
749,278,749,20260223,60,183,3,4.0,1,3,1795.75,1257.02,5387.25,3771.06,1616.19,766.77,5878.565,paid
750,279,750,20260322,1,107,3,5.0,2,2,1987.2,1391.04,3974.4,2782.08,1192.3200000000002,410.935,3150.49,delivered
751,279,751,20260322,1,230,3,5.0,2,3,501.57,351.1,1504.71,1053.3000000000002,451.40999999999985,410.935,3150.49,delivered
752,280,752,20260416,110,83,4,3.0,2,3,1023.2,716.24,3069.6000000000004,2148.7200000000003,920.8800000000001,550.885,4223.44,paid
753,280,753,20260416,110,184,4,3.0,2,3,1425.17,997.62,4275.51,2992.86,1282.65,550.885,4223.44,paid
754,281,754,20260409,65,112,4,3.0,2,2,2879.7,2015.79,5759.4,4031.58,1727.8199999999997,731.46,5607.866666666666,shipped
755,281,755,20260409,65,239,4,3.0,2,2,855.57,598.9,1711.14,1197.8,513.3400000000001,731.46,5607.866666666666,shipped
756,281,756,20260409,65,150,4,3.0,2,2,3579.34,2505.54,7158.68,5011.08,2147.6000000000004,731.46,5607.866666666666,shipped
757,282,757,20260329,72,66,1,,1,2,1338.36,936.85,2676.72,1873.7,803.0199999999998,680.0725,5213.8825,pending
758,282,758,20260329,72,41,1,,1,1,1241.99,869.39,1241.99,869.39,372.6,680.0725,5213.8825,pending
759,282,759,20260329,72,45,1,,1,3,2491.69,1744.18,7475.07,5232.54,2242.5299999999997,680.0725,5213.8825,pending
760,282,760,20260329,72,47,1,,1,2,3370.73,2359.51,6741.46,4719.02,2022.4399999999996,680.0725,5213.8825,pending
761,283,761,20260210,61,210,3,1.0,2,1,167.16,117.01,167.16,117.01,50.14999999999999,307.2966666666667,2355.9333333333334,paid
762,283,762,20260210,61,124,3,1.0,2,2,318.79,223.15,637.58,446.3,191.28000000000003,307.2966666666667,2355.9333333333334,paid
763,283,763,20260210,61,20,3,1.0,2,3,1780.39,1246.27,5341.17,3738.81,1602.3600000000001,307.2966666666667,2355.9333333333334,paid
764,284,764,20260404,27,10,4,1.0,3,1,116.11,81.28,116.11,81.28,34.83,812.72,6230.845,delivered
765,284,765,20260404,27,73,4,1.0,3,3,3573.38,2501.37,10720.14,7504.11,3216.0299999999997,812.72,6230.845,delivered
766,285,766,20260419,44,179,4,,2,2,3994.01,2795.81,7988.02,5591.62,2396.4000000000005,973.68,7464.875,pending
767,285,767,20260419,44,235,4,,2,3,1889.46,1322.62,5668.38,3967.8599999999997,1700.5200000000004,973.68,7464.875,pending
768,285,768,20260419,44,135,4,,2,2,378.74,265.12,757.48,530.24,227.24,973.68,7464.875,pending
769,285,769,20260419,44,1,4,,2,3,3850.3,2695.21,11550.900000000001,8085.63,3465.2700000000013,973.68,7464.875,pending
770,286,770,20260401,109,125,2,,1,2,398.54,278.98,797.08,557.96,239.12,668.3275,5123.8375,pending
771,286,771,20260401,109,178,2,,1,2,3939.99,2757.99,7879.98,5515.98,2364.0,668.3275,5123.8375,pending
772,286,772,20260401,109,212,2,,1,2,2903.41,2032.39,5806.82,4064.78,1742.0399999999995,668.3275,5123.8375,pending
773,286,773,20260401,109,240,2,,1,1,3338.16,2336.71,3338.16,2336.71,1001.4499999999998,668.3275,5123.8375,pending
774,287,774,20260131,80,65,2,,1,1,2227.45,1559.21,2227.45,1559.21,668.2399999999998,334.12,2561.57,pending
775,288,775,20260310,59,91,1,1.0,3,1,490.21,343.15,490.21,343.15,147.06,738.6333333333333,5662.856666666667,paid
776,288,776,20260310,59,7,1,1.0,3,3,1095.02,766.51,3285.06,2299.5299999999997,985.5300000000002,738.6333333333333,5662.856666666667,paid
777,288,777,20260310,59,140,1,1.0,3,3,3665.8,2566.06,10997.400000000001,7698.18,3299.220000000001,738.6333333333333,5662.856666666667,paid
778,289,778,20260208,114,14,2,,3,2,947.74,663.42,1895.48,1326.84,568.6400000000001,519.92,3986.06,cancelled
779,289,779,20260208,114,180,2,,3,2,2518.4,1762.88,5036.8,3525.76,1511.04,519.92,3986.06,cancelled
780,290,780,20260225,95,164,1,4.0,1,1,2196.3,1537.41,2196.3,1537.41,658.8900000000001,515.4675,3951.915,delivered
781,290,781,20260225,95,61,1,4.0,1,3,1827.66,1279.36,5482.9800000000005,3838.08,1644.9000000000005,515.4675,3951.915,delivered
782,290,782,20260225,95,247,1,4.0,1,3,1812.05,1268.43,5436.15,3805.29,1630.8599999999997,515.4675,3951.915,delivered
783,290,783,20260225,95,242,1,4.0,1,2,315.18,220.63,630.36,441.26,189.10000000000002,515.4675,3951.915,delivered
784,291,784,20260213,66,55,1,5.0,3,1,2972.75,2080.92,2972.75,2080.92,891.8299999999999,290.48,2227.005,paid
785,291,785,20260213,66,38,1,5.0,3,1,900.3,630.21,900.3,630.21,270.0899999999999,290.48,2227.005,paid
786,292,786,20260406,100,56,1,5.0,3,2,2861.26,2002.88,5722.52,4005.76,1716.7600000000002,666.1475,5107.1275,paid
787,292,787,20260406,100,7,1,5.0,3,2,3567.09,2496.96,7134.18,4993.92,2140.26,666.1475,5107.1275,paid
788,292,788,20260406,100,152,1,5.0,3,2,1194.68,836.28,2389.36,1672.56,716.8000000000002,666.1475,5107.1275,paid
789,292,789,20260406,100,91,1,5.0,3,2,1258.93,881.25,2517.86,1762.5,755.3600000000001,666.1475,5107.1275,paid
790,293,790,20260125,126,178,1,2.0,2,3,1901.19,1330.83,5703.57,3992.49,1711.08,544.275,4172.775,delivered
791,293,791,20260125,126,64,1,2.0,2,2,2333.93,1633.75,4667.86,3267.5,1400.3599999999997,544.275,4172.775,delivered
792,293,792,20260125,126,203,1,2.0,2,1,251.35,175.94,251.35,175.94,75.41,544.275,4172.775,delivered
793,293,793,20260125,126,95,1,2.0,2,1,3891.22,2723.85,3891.22,2723.85,1167.37,544.275,4172.775,delivered
794,294,794,20260313,43,168,4,,1,2,1456.07,1019.25,2912.14,2038.5,873.6399999999999,772.19,5920.123333333333,cancelled
795,294,795,20260313,43,108,4,,1,3,2526.88,1768.82,7580.64,5306.46,2274.1800000000003,772.19,5920.123333333333,cancelled
796,294,796,20260313,43,183,4,,1,3,1650.34,1155.24,4951.0199999999995,3465.7200000000003,1485.2999999999993,772.19,5920.123333333333,cancelled
797,295,797,20260417,102,84,3,,3,2,3985.75,2790.02,7971.5,5580.04,2391.46,637.1466666666666,4884.793333333333,pending
798,295,798,20260417,102,132,3,,3,1,3528.54,2469.98,3528.54,2469.98,1058.56,637.1466666666666,4884.793333333333,pending
799,295,799,20260417,102,42,3,,3,3,414.3,290.01,1242.9,870.03,372.8700000000001,637.1466666666666,4884.793333333333,pending
800,296,800,20260209,34,50,4,,2,2,2512.51,1758.76,5025.02,3517.52,1507.5000000000005,761.835,5840.735,pending
801,296,801,20260209,34,193,4,,2,2,1733.68,1213.58,3467.36,2427.16,1040.2000000000003,761.835,5840.735,pending
802,296,802,20260209,34,215,4,,2,2,688.55,481.98,1377.1,963.96,413.1399999999999,761.835,5840.735,pending
803,296,803,20260209,34,188,4,,2,3,3482.04,2437.43,10446.119999999999,7312.289999999999,3133.83,761.835,5840.735,pending
804,297,804,20260413,16,58,4,,2,2,1966.58,1376.61,3933.16,2753.22,1179.94,589.97,4523.13,pending
805,298,805,20260323,140,1,4,,2,3,1998.18,1398.73,5994.54,4196.1900000000005,1798.3499999999995,471.575,3615.42,cancelled
806,298,806,20260323,140,78,4,,2,1,293.15,205.2,293.15,205.2,87.94999999999999,471.575,3615.42,cancelled
807,299,807,20260205,115,139,4,,1,1,2272.65,1590.86,2272.65,1590.86,681.7900000000002,225.54,1729.1499999999999,pending
808,299,808,20260205,115,100,4,,1,1,1991.46,1394.02,1991.46,1394.02,597.44,225.54,1729.1499999999999,pending
809,299,809,20260205,115,246,4,,1,1,246.72,172.7,246.72,172.7,74.02000000000001,225.54,1729.1499999999999,pending
810,300,810,20260417,77,206,3,2.0,2,1,1704.24,1192.97,1704.24,1192.97,511.27,255.64,1959.88,delivered
